# This file is brought to you by Roblox Corporation
# Generated by Roblox Studio

mtllib SquidwardHouse.mtl

g Meshesmshsquidwardhouse1

v 0.127219 7.77381 3.41653 
v 0.133117 7.61281 3.53003 
v 0.619072 7.78796 3.38853 
v 0.127219 7.77381 3.41653 
v -0.423595 7.69216 3.44789 
v -0.442877 7.53118 3.56283 
v 0.133117 7.61281 3.53003 
v 0.127219 7.77381 3.41653 
v 1.64732 7.6812 2.84905 
v 1.72277 7.52124 2.9475 
v 2.42567 7.66568 2.0682 
v -1.16674 -5.94934 -3.75148 
v -0.997927 -5.94934 -3.75148 
v -0.984869 -5.97195 -3.65402 
v -1.17979 -5.97195 -3.65402 
v -1.13106 -5.88755 -3.82283 
v -1.0336 -5.88755 -3.82283 
v -1.08233 -5.80314 -3.84894 
v 2.97939 7.48548 1.23483 
v 2.85294 7.64682 1.23002 
v 2.53331 7.50517 2.13963 
v -2.39222 7.72552 2.22662 
v -2.85999 7.72545 1.52779 
v -2.98582 7.56407 1.5466 
v 0.133117 7.61281 3.53003 
v 0.647456 7.49578 3.50075 
v 0.619072 7.78796 3.38853 
v 1.49711 7.64661 0.0573294 
v 3.00223 7.64686 0.0549064 
v 2.64296 7.71649 -0.649895 
v -2.40026 7.71127 -0.917492 
v -2.82185 7.7112 -0.401272 
v -1.72805 7.71138 -1.57027 
v 1.39995 7.6466 -1.74836 
v 1.54437 7.64662 -0.918813 
v 2.21468 7.64672 -1.18366 
v 2.64296 7.71649 -0.649895 
v 2.21468 7.64672 -1.18366 
v 0.434145 7.64643 -0.969409 
v 0.344917 7.75727 -1.97002 
v 1.39995 7.6466 -1.74836 
v -0.0866239 7.66471 -0.941406 
v -0.146937 7.77294 -1.94202 
v -0.69775 7.64628 -1.91066 
v -0.037415 7.64636 0.144698 
v 0.454438 7.64644 0.116694 
v 1.49711 7.64661 0.0573294 
v 2.64296 7.71649 -0.649895 
v 0.03924 7.64638 1.56937 
v -0.669818 7.64628 -0.910046 
v -0.69775 7.64628 -1.91066 
v -1.76752 7.6461 -0.740719 
v -1.72805 7.71138 -1.57027 
v -2.82185 7.7112 -0.401272 
v -2.82185 7.7112 -0.401272 
v -2.98577 7.71118 0.377815 
v -0.588226 7.64627 0.176058 
v 1.57376 7.64662 1.482 
v 2.85294 7.64682 1.23002 
v 3.00223 7.64686 0.0549064 
v -1.63089 7.64611 0.235422 
v -2.98577 7.71118 0.377815 
v -2.85999 7.72545 1.52779 
v -1.55424 7.72566 1.66009 
v -2.85999 7.72545 1.52779 
v -2.85999 7.72545 1.52779 
v -2.39222 7.72552 2.22662 
v -0.511571 7.6463 1.60073 
v -1.48068 7.71628 3.02714 
v -2.39222 7.72552 2.22662 
v 0.127219 7.77381 3.41653 
v -0.423595 7.69216 3.44789 
v 0.127219 7.77381 3.41653 
v -1.48068 7.71628 3.02714 
v 0.531093 7.64646 1.54136 
v 0.619072 7.78796 3.38853 
v 1.57376 7.64662 1.482 
v 3.00223 7.64686 0.0549064 
v 0.619072 7.78796 3.38853 
v 1.64732 7.6812 2.84905 
v 2.85294 7.64682 1.23002 
v 2.42567 7.66568 2.0682 
v 0.619072 7.78796 3.38853 
v 0.647456 7.49578 3.50075 
v 1.64732 7.6812 2.84905 
v 2.7624 7.55233 -0.741158 
v 2.64296 7.71649 -0.649895 
v 3.12542 7.4855 -0.00104964 
v -3.1148 7.54979 0.337154 
v -2.98577 7.71118 0.377815 
v -2.82185 7.7112 -0.401272 
v 2.64296 7.71649 -0.649895 
v 3.00223 7.64686 0.0549064 
v 3.12542 7.4855 -0.00104964 
v 4.88021 -2.24982 1.02239 
v 4.86838 -2.30319 1.00865 
v 4.88511 -2.31625 0.950576 
v -4.97238 -2.3178 1.27242 
v -4.95597 -2.30466 1.32852 
v -4.96622 -2.25164 1.34303 
v 2.31552 7.47947 -1.30372 
v 2.21468 7.64672 -1.18366 
v 2.7624 7.55233 -0.741158 
v 2.64296 7.71649 -0.649895 
v -2.82185 7.7112 -0.401272 
v -2.40026 7.71127 -0.917492 
v -2.51499 7.54399 -1.02932 
v 4.99836 -2.31628 -0.587665 
v 4.98913 -2.30297 -0.643308 
v 5.00237 -2.24977 -0.657673 
v 1.39995 7.6466 -1.74836 
v 2.21468 7.64672 -1.18366 
v 2.31552 7.47947 -1.30372 
v -1.49416 5.64506 3.25453 
v -0.465437 5.61931 3.78968 
v -0.460182 6.06467 3.65854 
v -1.64554 5.24108 3.28006 
v 0.344917 7.75727 -1.97002 
v 1.39995 7.6466 -1.74836 
v 1.46253 7.47932 -1.89148 
v -4.99757 -2.25231 1.2739 
v -4.97238 -2.3178 1.27242 
v -4.96622 -2.25164 1.34303 
v -4.89808 -0.559929 1.34016 
v 4.58557 1.95063 0.961914 
v 4.54951 1.94911 1.03506 
v 4.88041 0.449989 1.02718 
v 4.54721 2.01741 0.962938 
v 0.359323 7.59 -2.11991 
v 0.344917 7.75727 -1.97002 
v 1.46253 7.47932 -1.89148 
v -4.80105 -0.186071 1.33967 
v -4.85924 0.296879 1.33896 
v -4.83247 -0.18613 1.27055 
v -4.80105 -0.186071 1.33967 
v -4.9295 -0.560077 1.27104 
v -4.89808 -0.559929 1.34016 
v -4.89808 -0.559929 1.34016 
v -4.99757 -2.25231 1.2739 
v -4.85924 0.296879 1.33896 
v -4.89068 0.296948 1.26984 
v -4.83247 -0.18613 1.27055 
v -4.60712 1.94762 1.32304 
v 4.54721 2.01741 0.962938 
v 4.52921 2.00322 1.02143 
v 4.54951 1.94911 1.03506 
v -4.60712 1.94762 1.32304 
v -4.6412 1.94916 1.25372 
v -4.89068 0.296948 1.26984 
v -5.04338 -2.25165 -0.0916826 
v -5.03166 -2.30466 -0.0785006 
v -5.042 -2.31781 -0.0209306 
v 0.166464 0.297389 3.96479 
v 0.170008 -0.298924 4.09563 
v 0.79026 0.297488 3.92928 
v 0.73592 1.97429 3.93106 
v 0.154164 1.9742 3.96418 
v 0.719599 3.69856 3.75246 
v 0.149181 3.69846 3.78494 
v 0.711001 4.12967 3.72246 
v 0.147267 4.13382 3.75456 
v 0.689642 5.20059 3.64794 
v 0.142511 5.21528 3.67909 
v 0.682281 5.60109 3.72434 
v 0.140872 5.61941 3.75516 
v 0.674169 6.04245 3.59396 
v 0.139065 6.06476 3.62442 
v 0.674169 6.04245 3.59396 
v 0.647456 7.49578 3.50075 
v 0.133117 7.61281 3.53003 
v -0.146937 7.77294 -1.94202 
v 0.344917 7.75727 -1.97002 
v 0.359323 7.59 -2.11991 
v -0.155015 7.60567 -2.09063 
v -0.731009 7.47899 -2.05784 
v -0.69775 7.64628 -1.91066 
v -0.146937 7.77294 -1.94202 
v -1.72805 7.71138 -1.57027 
v -1.80846 7.54409 -1.70524 
v 4.91225 -2.25039 0.949562 
v 5.02557 -2.25037 -0.589583 
v 4.95383 -1.26413 0.951969 
v 4.99836 -2.31628 -0.587665 
v 4.88511 -2.31625 0.950576 
v 5.06718 -0.992095 -0.586688 
v 5.06718 -0.992095 -0.586688 
v 4.93101 -0.2512 -0.586015 
v 4.91225 -2.25039 0.949562 
v 4.88021 -2.24982 1.02239 
v 4.88511 -2.31625 0.950576 
v 4.92173 -1.26388 1.02478 
v 4.95391 -0.661799 0.953043 
v 4.92177 -0.648042 1.02588 
v 4.91258 0.450056 0.954377 
v 4.91258 0.450056 0.954377 
v 4.88041 0.449989 1.02718 
v 4.58557 1.95063 0.961914 
v 4.90779 -0.220598 -0.654126 
v 5.06718 -0.992095 -0.586688 
v 5.00266 0.450003 -0.652954 
v 5.04397 -0.956894 -0.654777 
v 4.90779 -0.220598 -0.654126 
v 5.02589 0.450075 -0.584763 
v 4.75941 1.96923 -0.650736 
v 4.75941 1.96923 -0.650736 
v 4.77953 1.96909 -0.583683 
v 4.74391 2.03555 -0.580909 
v 5.00237 -2.24977 -0.657673 
v 5.02557 -2.25037 -0.589583 
v 4.99836 -2.31628 -0.587665 
v 5.04397 -0.956894 -0.654777 
v 5.06718 -0.992095 -0.586688 
v 5.02589 0.450075 -0.584763 
v 4.91258 0.450056 0.954377 
v 4.58557 1.95063 0.961914 
v 4.77953 1.96909 -0.583683 
v 4.58557 1.95063 0.961914 
v 4.54721 2.01741 0.962938 
v 4.74391 2.03555 -0.580909 
v 0.198124 -5.2769 4.45908 
v 0.920024 -5.27678 4.41798 
v 0.904091 -4.39569 4.32491 
v 0.218905 -7.78774 4.68167 
v 0.968835 -7.78761 4.63897 
v 0.195392 -4.3958 4.36502 
v 0.890117 -3.62286 4.30182 
v 0.192995 -3.62297 4.34105 
v 0.860902 -2.37144 4.14026 
v 0.186894 -2.37155 4.17863 
v 0.811077 -0.602777 3.99145 
v 0.172484 -0.602879 4.02781 
v 0.802514 -0.298824 4.05962 
v -0.155015 7.60567 -2.09063 
v -0.731009 7.47899 -2.05784 
v -0.146937 7.77294 -1.94202 
v -1.89498 -0.272605 3.61237 
v -0.53832 -0.299036 4.13595 
v -0.53211 0.297282 4.00456 
v -1.91222 -0.576563 3.63941 
v -0.54266 -0.602991 4.06852 
v -0.53832 -0.299036 4.13595 
v -2.01255 -2.34526 3.79677 
v -0.567911 -2.37167 4.22161 
v -2.08151 -3.59669 3.90338 
v -2.28058 -4.36952 3.98874 
v -0.587692 -3.62309 4.38496 
v -0.567911 -2.37167 4.22161 
v -0.53832 -0.299036 4.13595 
v 0.172484 -0.602879 4.02781 
v 0.170008 -0.298924 4.09563 
v 0.186894 -2.37155 4.17863 
v -0.53211 0.297282 4.00456 
v -0.567911 -2.37167 4.22161 
v 0.166464 0.297389 3.96479 
v -0.497325 1.9741 4.00128 
v 0.154164 1.9742 3.96418 
v 0.192995 -3.62297 4.34105 
v -0.489613 3.69837 3.82131 
v -0.587692 -3.62309 4.38496 
v 0.149181 3.69846 3.78494 
v -0.598261 -4.39593 4.40992 
v -0.484043 4.13372 3.7905 
v 0.195392 -4.3958 4.36502 
v 0.147267 4.13382 3.75456 
v 0.198124 -5.2769 4.45908 
v 0.142511 5.21528 3.67909 
v -0.610311 -5.27702 4.5051 
v 0.218905 -7.78774 4.68167 
v -0.620917 -7.78786 4.72948 
v -0.470206 5.21518 3.71398 
v 0.140872 5.61941 3.75516 
v -0.465437 5.61931 3.78968 
v 0.139065 6.06476 3.62442 
v -0.460182 6.06467 3.65854 
v 0.133117 7.61281 3.53003 
v -0.442877 7.53118 3.56283 
v -0.460182 6.06467 3.65854 
v -2.28058 -4.36952 3.98874 
v -2.15647 -5.25063 4.08605 
v -0.598261 -4.39593 4.40992 
v -0.587692 -3.62309 4.38496 
v -0.610311 -5.27702 4.5051 
v -2.2265 -7.76148 4.31381 
v -0.620917 -7.78786 4.72948 
v 4.88511 -2.31625 0.950576 
v 4.86838 -2.30319 1.00865 
v 4.81374 -2.31513 1.02492 
v -4.60712 1.94762 1.32304 
v -4.58806 2.0015 1.3081 
v -4.60475 2.01578 1.25155 
v -1.8703 0.162354 3.57367 
v -0.53211 0.297282 4.00456 
v -0.497325 1.9741 4.00128 
v -1.89498 -0.272605 3.61237 
v -1.25114 -5.80314 -3.75148 
v -1.16674 -5.94934 -3.75148 
v -1.17979 -5.97195 -3.65402 
v -1.27726 -5.80314 -3.65402 
v -1.17979 -5.80314 -3.82283 
v -1.13106 -5.88755 -3.82283 
v -1.08233 -5.80314 -3.84894 
v -4.90251 -2.31671 1.33934 
v -4.95597 -2.30466 1.32852 
v -4.97238 -2.3178 1.27242 
v -4.6412 1.94916 1.25372 
v -4.60712 1.94762 1.32304 
v -4.60475 2.01578 1.25155 
v 0.890117 -3.62286 4.30182 
v 0.904091 -4.39569 4.32491 
v 2.35191 -3.59599 3.65396 
v 2.27389 -2.34458 3.55272 
v 0.860902 -2.37144 4.14026 
v 2.27389 -2.34458 3.55272 
v 2.14899 -0.575921 3.40818 
v 0.811077 -0.602777 3.99145 
v 0.860902 -2.37144 4.14026 
v 2.20516 -0.271972 3.38334 
v 2.20516 -0.271972 3.38334 
v 2.09681 0.162983 3.3478 
v 0.79026 0.297488 3.92928 
v 1.95334 2.00113 3.25534 
v 0.73592 1.97429 3.93106 
v 1.91299 3.72539 3.17743 
v 0.79026 0.297488 3.92928 
v 0.719599 3.69856 3.75246 
v 1.91299 3.72539 3.17743 
v 1.89032 4.15633 3.15002 
v 0.711001 4.12967 3.72246 
v 1.834 5.22685 3.08195 
v 0.689642 5.20059 3.64794 
v 1.81459 5.62722 3.16057 
v 0.682281 5.60109 3.72434 
v 1.7932 6.06842 3.03263 
v 0.674169 6.04245 3.59396 
v 1.7932 6.06842 3.03263 
v 1.72277 7.52124 2.9475 
v 0.647456 7.49578 3.50075 
v 1.64732 7.6812 2.84905 
v 0.674169 6.04245 3.59396 
v 1.72277 7.52124 2.9475 
v 1.7932 6.06842 3.03263 
v 2.61762 6.075 2.20999 
v 2.53331 7.50517 2.13963 
v 1.72277 7.52124 2.9475 
v 2.42567 7.66568 2.0682 
v 4.81895 -2.34252 0.953894 
v 4.93214 -2.3425 -0.583512 
v 4.88511 -2.31625 0.950576 
v 4.81374 -2.31513 1.02492 
v 4.99836 -2.31628 -0.587665 
v 4.93736 -2.31512 -0.654438 
v 0.920024 -5.27678 4.41798 
v 2.43453 -5.2499 3.82466 
v 2.39052 -4.36882 3.73372 
v 0.968835 -7.78761 4.63897 
v 2.54276 -7.76073 4.04227 
v -1.7464 2.00055 3.43436 
v -0.497325 1.9741 4.00128 
v -0.489613 3.69837 3.82131 
v -1.8703 0.162354 3.57367 
v -5.06718 -2.25232 -0.0194576 
v -5.042 -2.31781 -0.0209306 
v -4.97238 -2.3178 1.27242 
v -4.99757 -2.25231 1.2739 
v -5.06718 -2.25232 -0.0194576 
v -4.9295 -0.560077 1.27104 
v -1.71465 3.72482 3.38397 
v -1.7464 2.00055 3.43436 
v -0.489613 3.69837 3.82131 
v -0.484043 4.13372 3.7905 
v -1.69481 4.16001 3.35414 
v -0.470206 5.21518 3.71398 
v -1.64554 5.24108 3.28006 
v -0.465437 5.61931 3.78968 
v -5.042 -2.31781 -0.0209306 
v -4.97711 -2.34432 -0.0246416 
v -4.9075 -2.34431 1.26871 
v -4.97238 -2.3178 1.27242 
v 2.54276 -7.76073 4.04227 
v 3.52132 -7.73192 3.06087 
v 3.40113 -5.2186 2.84394 
v 2.43453 -5.2499 3.82466 
v 3.36558 -4.35015 2.78504 
v 2.39052 -4.36882 3.73372 
v 3.33441 -3.58842 2.73338 
v 2.43453 -5.2499 3.82466 
v 4.75941 1.96923 -0.650736 
v 4.73892 2.02258 -0.636248 
v 4.74391 2.03555 -0.580909 
v -4.6412 1.94916 1.25372 
v -4.75482 1.96767 -0.0247826 
v -4.89068 0.296948 1.26984 
v -4.72006 2.03372 -0.0266176 
v -4.6412 1.94916 1.25372 
v -4.60475 2.01578 1.25155 
v -4.90209 -0.186143 -0.0228096 
v -4.83247 -0.18613 1.27055 
v -4.96029 0.296936 -0.0235126 
v -4.99911 -0.560091 -0.0223176 
v -4.89068 0.296948 1.26984 
v -4.75482 1.96767 -0.0247826 
v -5.06718 -2.25232 -0.0194576 
v -4.9295 -0.560077 1.27104 
v -4.83247 -0.18613 1.27055 
v -2.73545 4.18513 2.44569 
v -2.76782 3.76214 2.46421 
v -1.69481 4.16001 3.35414 
v -1.64554 5.24108 3.28006 
v -1.71465 3.72482 3.38397 
v -2.82361 2.03786 2.5476 
v -2.65502 5.23587 2.39968 
v -1.49416 5.64506 3.25453 
v -2.4929 5.62942 2.38382 
v -1.60985 6.09028 3.22639 
v -2.59676 6.06311 2.36635 
v -2.82361 2.03786 2.5476 
v -1.7464 2.00055 3.43436 
v -3.0759 -0.191634 2.69614 
v -1.54823 7.5563 3.13373 
v -2.49617 7.57074 2.30881 
v -1.48068 7.71628 3.02714 
v -2.39222 7.72552 2.22662 
v -1.48068 7.71628 3.02714 
v -1.49416 5.64506 3.25453 
v -0.460182 6.06467 3.65854 
v -0.442877 7.53118 3.56283 
v -1.54823 7.5563 3.13373 
v -1.54823 7.5563 3.13373 
v -0.423595 7.69216 3.44789 
v -1.48068 7.71628 3.02714 
v -0.423595 7.69216 3.44789 
v -3.0759 -0.191634 2.69614 
v -1.8703 0.162354 3.57367 
v -1.7464 2.00055 3.43436 
v -1.89498 -0.272605 3.61237 
v -1.91222 -0.576563 3.63941 
v -3.28823 -2.30797 2.88968 
v -3.28823 -2.30797 2.88968 
v -2.01255 -2.34526 3.79677 
v -3.40344 -3.62314 2.99804 
v -2.08151 -3.59669 3.90338 
v -3.53989 -4.3662 3.0852 
v -2.28058 -4.36952 3.98874 
v -3.53077 -5.21336 3.18457 
v -2.15647 -5.25063 4.08605 
v -2.28058 -4.36952 3.98874 
v -3.66022 -7.72421 3.41572 
v -2.2265 -7.76148 4.31381 
v 4.81374 -2.31513 1.02492 
v 4.86838 -2.30319 1.00865 
v 4.88021 -2.24982 1.02239 
v -2.49617 7.57074 2.30881 
v -2.39222 7.72552 2.22662 
v -2.98582 7.56407 1.5466 
v -2.98582 7.56407 1.5466 
v -3.12949 6.02445 1.48273 
v 3.55804 0.144956 1.12589 
v 3.03527 -0.188828 2.51815 
v 3.23668 -2.30916 2.6326 
v 3.33158 2.03658 1.1324 
v 2.81261 2.04521 2.40692 
v 3.28021 3.67011 1.23625 
v 2.761 3.77049 2.32965 
v 2.81261 2.04521 2.40692 
v 3.24436 4.10338 1.23608 
v 2.73386 4.19415 2.307 
v 3.1553 5.17968 1.23566 
v 2.66646 5.24655 2.25074 
v 2.98554 5.58204 1.23552 
v 3.09078 6.02542 1.23536 
v 2.56232 5.64068 2.23136 
v 2.98554 5.58204 1.23552 
v 2.66646 5.24655 2.25074 
v 2.61762 6.075 2.20999 
v 2.97939 7.48548 1.23483 
v 2.53331 7.50517 2.13963 
v 2.85294 7.64682 1.23002 
v 2.42567 7.66568 2.0682 
v 2.61762 6.075 2.20999 
v 1.834 5.22685 3.08195 
v 2.66646 5.24655 2.25074 
v 1.89032 4.15633 3.15002 
v 2.73386 4.19415 2.307 
v 1.91299 3.72539 3.17743 
v 2.761 3.77049 2.32965 
v 1.91299 3.72539 3.17743 
v 1.95334 2.00113 3.25534 
v 2.81261 2.04521 2.40692 
v 2.761 3.77049 2.32965 
v 2.09681 0.162983 3.3478 
v 3.03527 -0.188828 2.51815 
v 2.20516 -0.271972 3.38334 
v 2.14899 -0.575921 3.40818 
v 2.27389 -2.34458 3.55272 
v 2.27389 -2.34458 3.55272 
v 3.23668 -2.30916 2.6326 
v 2.35191 -3.59599 3.65396 
v 3.33441 -3.58842 2.73338 
v 2.39052 -4.36882 3.73372 
v -0.246544 -2.46 -4.57304 
v -0.249945 -2.43178 -4.63568 
v 0.846775 -2.38276 -4.70591 
v -4.96622 -2.25164 1.34303 
v -4.95597 -2.30466 1.32852 
v -4.90251 -2.31671 1.33934 
v -0.250887 -2.33463 -4.67216 
v -0.249945 -2.43178 -4.63568 
v -0.439381 -2.4897 -4.62658 
v 0.846775 -2.38276 -4.70591 
v 0.893621 -2.36547 -4.68491 
v 0.91896 -2.37394 -4.63156 
v -0.750748 -2.35526 -4.64397 
v -0.761052 -2.45179 -4.61113 
v -1.44963 -2.3825 -4.57983 
v -1.51394 -2.37472 -4.49777 
v -1.49429 -2.36575 -4.55337 
v -1.44963 -2.3825 -4.57983 
v 0.876868 -2.41214 -4.64612 
v 0.846775 -2.38276 -4.70591 
v 0.91896 -2.37394 -4.63156 
v -4.72006 2.03372 -0.0266176 
v -4.71333 2.02101 -0.0842016 
v -4.73331 1.96798 -0.0969466 
v 4.22649 -7.67117 1.08783 
v 4.07795 -5.20317 1.09629 
v 3.52132 -7.73192 3.06087 
v 3.40113 -5.2186 2.84394 
v 3.52132 -7.73192 3.06087 
v 4.00919 -4.34553 1.10163 
v 3.36558 -4.35015 2.78504 
v 3.94887 -3.59327 1.10632 
v 3.33441 -3.58842 2.73338 
v 3.8166 -2.31741 1.10365 
v 3.23668 -2.30916 2.6326 
v -1.47282 -2.41249 -4.51806 
v -1.51394 -2.37472 -4.49777 
v -1.44963 -2.3825 -4.57983 
v 4.93736 -2.31512 -0.654438 
v 4.98913 -2.30297 -0.643308 
v 4.99836 -2.31628 -0.587665 
v -5.042 -2.31781 -0.0209306 
v -5.03166 -2.30466 -0.0785006 
v -4.97971 -2.31672 -0.0953656 
v -4.90209 -0.186143 -0.0228096 
v -4.96029 0.296936 -0.0235126 
v -4.87826 -0.186082 -0.0950796 
v -4.97529 -0.55994 -0.0945816 
v -4.99911 -0.560091 -0.0223176 
v -4.93646 0.296867 -0.0957926 
v -4.75482 1.96767 -0.0247826 
v -4.75482 1.96767 -0.0247826 
v -4.73331 1.96798 -0.0969466 
v -4.72006 2.03372 -0.0266176 
v -4.97529 -0.55994 -0.0945816 
v -5.04338 -2.25165 -0.0916826 
v -5.06718 -2.25232 -0.0194576 
v -5.042 -2.31781 -0.0209306 
v -3.0759 -0.191634 2.69614 
v -2.82361 2.03786 2.5476 
v -3.70192 -0.240421 1.29916 
v -3.91941 -2.3186 1.30551 
v -2.82361 2.03786 2.5476 
v -3.43348 2.03544 1.27874 
v -2.76782 3.76214 2.46421 
v 0.883592 -2.28596 -4.70265 
v 0.893621 -2.36547 -4.68491 
v 0.846775 -2.38276 -4.70591 
v -3.53077 -5.21336 3.18457 
v -4.14607 -5.20447 1.32758 
v -4.38375 -7.67253 1.33604 
v -3.66022 -7.72421 3.41572 
v -3.53989 -4.3662 3.0852 
v -4.11579 -4.36657 1.32224 
v -3.40344 -3.62314 2.99804 
v -4.89818 -2.2502 1.36844 
v -4.82999 -0.55962 1.36549 
v -4.96622 -2.25164 1.34303 
v -4.90251 -2.31671 1.33934 
v 4.54951 1.94911 1.03506 
v 4.47795 1.94814 1.06705 
v 4.77742 0.148035 1.05928 
v 4.47047 2.01501 1.03757 
v -4.90251 -2.31671 1.33934 
v -4.9075 -2.34431 1.26871 
v -3.91941 -2.3186 1.30551 
v -4.97238 -2.3178 1.27242 
v -3.28823 -2.30797 2.88968 
v -3.0759 -0.191634 2.69614 
v -3.91941 -2.3186 1.30551 
v -4.05088 -3.63161 1.31755 
v -3.40344 -3.62314 2.99804 
v -4.11579 -4.36657 1.32224 
v -3.28823 -2.30797 2.88968 
v 4.81895 -2.34252 0.953894 
v 4.81374 -2.31513 1.02492 
v 3.8166 -2.31741 1.10365 
v -4.73295 -0.185958 1.36499 
v -4.8015 0.146662 1.36426 
v -4.80105 -0.186071 1.33967 
v -4.82999 -0.55962 1.36549 
v -4.89808 -0.559929 1.34016 
v -4.82999 -0.55962 1.36549 
v -4.96622 -2.25164 1.34303 
v -1.44963 -2.3825 -4.57983 
v -1.49429 -2.36575 -4.55337 
v -1.48435 -2.28637 -4.57165 
v 4.20591 -5.20315 -0.642368 
v 4.04789 -4.34551 -0.637024 
v 4.07795 -5.20317 1.09629 
v 4.22649 -7.67117 1.08783 
v 4.00919 -4.34553 1.10163 
v 4.31988 -7.67116 -0.650825 
v 4.20591 -5.20315 -0.642368 
v 4.07838 -3.59325 -0.632337 
v 3.94887 -3.59327 1.10632 
v 3.94251 -2.31818 -0.621085 
v 3.8166 -2.31741 1.10365 
v -0.169753 -2.88406 -3.17365 
v -0.842454 -2.99565 -3.12882 
v -0.893854 -2.96333 -3.84684 
v -2.73545 4.18513 2.44569 
v -3.32759 4.10235 1.39467 
v -3.37384 3.66906 1.37412 
v -2.76782 3.76214 2.46421 
v -3.43348 2.03544 1.27874 
v -2.65502 5.23587 2.39968 
v -3.21272 5.17867 1.44574 
v -2.4929 5.62942 2.38382 
v -3.21272 5.17867 1.44574 
v -3.03873 5.58103 1.46334 
v -3.21272 5.17867 1.44574 
v -2.59676 6.06311 2.36635 
v -3.12949 6.02445 1.48273 
v -2.49617 7.57074 2.30881 
v -3.03873 5.58103 1.46334 
v -3.27701 5.58102 0.14705 
v -3.3113 5.17865 0.106866 
v -3.21272 5.17867 1.44574 
v -3.3113 5.17865 0.106866 
v -3.30874 4.10233 -0.0153746 
v -3.12949 6.02445 1.48273 
v -3.23922 6.02442 0.191333 
v -2.98582 7.56407 1.5466 
v -2.98582 7.56407 1.5466 
v -3.1148 7.54979 0.337154 
v -2.85999 7.72545 1.52779 
v -2.85999 7.72545 1.52779 
v -2.98577 7.71118 0.377815 
v -4.53742 1.94672 1.34792 
v -4.60712 1.94762 1.32304 
v -4.85924 0.296879 1.33896 
v -4.53742 1.94672 1.34792 
v -4.53079 2.01351 1.3184 
v -0.209212 -2.85432 -3.89281 
v -0.169753 -2.88406 -3.17365 
v -0.893854 -2.96333 -3.84684 
v -4.8015 0.146662 1.36426 
v -4.85924 0.296879 1.33896 
v -4.80105 -0.186071 1.33967 
v -4.53742 1.94672 1.34792 
v -4.73295 -0.185958 1.36499 
v -4.80105 -0.186071 1.33967 
v -4.89808 -0.559929 1.34016 
v 0.391157 -2.99294 -3.93053 
v 0.42057 -3.02503 -3.21121 
v -0.209212 -2.85432 -3.89281 
v 0.42057 -3.02503 -3.21121 
v -0.169753 -2.88406 -3.17365 
v -3.91941 -2.3186 1.30551 
v -4.00291 -2.31943 -0.174291 
v -4.04395 -3.63163 -0.175592 
v 3.3775 4.1034 -0.386518 
v 3.24436 4.10338 1.23608 
v 3.28021 3.67011 1.23625 
v 3.29277 5.1797 -0.256955 
v 3.41161 3.67013 -0.438675 
v 3.33158 2.03658 1.1324 
v 3.45684 2.04573 -0.588017 
v 3.29277 5.1797 -0.256955 
v 3.1553 5.17968 1.23566 
v 3.20541 5.58205 -0.212301 
v 4.54951 1.94911 1.03506 
v 4.52921 2.00322 1.02143 
v 4.47047 2.01501 1.03757 
v 2.67212 3.58685 -1.88101 
v 2.63082 3.55729 -2.74473 
v 2.57055 3.58683 -2.79115 
v -3.04867 3.50704 -2.53903 
v -3.02004 3.55979 -2.52122 
v -3.02946 3.54924 -2.63303 
v 2.57055 3.58683 -2.79115 
v 2.63082 3.55729 -2.74473 
v 2.61759 3.55903 -2.85356 
v 2.61759 3.55903 -2.85356 
v 2.63082 3.55729 -2.74473 
v 2.64807 3.50192 -2.76313 
v -0.997927 -5.94934 -3.75148 
v -0.913522 -5.80314 -3.75148 
v -0.887407 -5.80314 -3.65402 
v -0.984869 -5.97195 -3.65402 
v -1.0336 -5.88755 -3.82283 
v -0.984869 -5.80314 -3.82283 
v -1.08233 -5.80314 -3.84894 
v 2.92836 5.15521 -1.06765 
v 3.29277 5.1797 -0.256955 
v 3.3775 4.1034 -0.386518 
v 2.84125 5.56133 -1.01068 
v 3.29277 5.1797 -0.256955 
v 3.20541 5.58205 -0.212301 
v 2.86749 6.00888 -0.947898 
v 3.23139 6.02544 -0.163091 
v 2.7624 7.55233 -0.741158 
v 2.7624 7.55233 -0.741158 
v 3.12542 7.4855 -0.00104964 
v 3.09078 6.02542 1.23536 
v 2.98554 5.58204 1.23552 
v 3.12542 7.4855 -0.00104964 
v 3.20541 5.58205 -0.212301 
v 2.98554 5.58204 1.23552 
v 3.1553 5.17968 1.23566 
v 3.12542 7.4855 -0.00104964 
v 2.97939 7.48548 1.23483 
v 3.00223 7.64686 0.0549064 
v 3.00223 7.64686 0.0549064 
v 2.85294 7.64682 1.23002 
v -4.53079 2.01351 1.3184 
v -4.58806 2.0015 1.3081 
v -4.60712 1.94762 1.32304 
v 3.85479 -5.23959 -2.04072 
v 3.69355 -4.38416 -1.98648 
v 4.20591 -5.20315 -0.642368 
v 4.31988 -7.67116 -0.650825 
v 4.00188 -7.70156 -2.11868 
v 2.59978 2.58904 -3.16088 
v 1.59266 2.58924 -3.71176 
v 1.57496 3.49627 -3.55317 
v 1.55349 2.52558 -3.66373 
v 2.66261 2.526 -3.04935 
v 1.55349 2.52558 -3.66373 
v 1.55686 2.49849 -3.6165 
v 2.56509 3.4967 -2.9955 
v 1.57496 3.49627 -3.55317 
v 2.61759 3.55903 -2.85356 
v 1.57384 3.56278 -3.43666 
v 2.57055 3.58683 -2.79115 
v 1.57384 3.56278 -3.43666 
v 1.57587 3.58669 -3.35272 
v 1.6041 3.58671 -2.59647 
v -3.02878 3.55843 -2.63099 
v -3.02004 3.55979 -2.52122 
v -2.9717 3.58601 -2.57249 
v -4.14607 -5.20447 1.32758 
v -4.22641 -5.20449 -0.165562 
v -4.48967 -7.67254 -0.157104 
v -4.38375 -7.67253 1.33604 
v -4.11579 -4.36657 1.32224 
v -4.19664 -4.36658 -0.170905 
v -4.05088 -3.63161 1.31755 
v 2.64807 3.50192 -2.76313 
v 2.63082 3.55729 -2.74473 
v 2.67212 3.58685 -1.88101 
v -3.10506 2.52849 -2.85939 
v -3.02946 3.54924 -2.63303 
v -3.04575 2.58643 -2.96829 
v -3.04575 2.58643 -2.96829 
v -3.10336 2.52784 -2.8634 
v -3.10506 2.52849 -2.85939 
v -3.10525 2.52592 -2.85996 
v -2.9717 3.58601 -2.57249 
v -3.02004 3.55979 -2.52122 
v -2.89769 3.586 -1.61164 
v 2.59978 2.58904 -3.16088 
v 2.56509 3.4967 -2.9955 
v 2.66261 2.526 -3.04935 
v -2.89769 3.586 -1.61164 
v -3.02004 3.55979 -2.52122 
v -3.04867 3.50704 -2.53903 
v 2.56509 3.4967 -2.9955 
v 2.61759 3.55903 -2.85356 
v 2.66261 2.526 -3.04935 
v -0.856353 3.58632 -3.52659 
v -2.0517 3.58612 -3.13526 
v -2.02353 3.58614 -2.38993 
v -2.05704 3.56237 -3.21906 
v -2.0517 3.58612 -3.13526 
v -0.860433 3.56162 -3.60759 
v -2.05704 3.56237 -3.21906 
v -2.06505 3.49607 -3.33512 
v -0.865069 3.49635 -3.72145 
v -0.893338 2.58839 -3.88498 
v -3.02946 3.54924 -2.63303 
v -3.02533 3.5537 -2.64238 
v -2.98434 3.49759 -2.77751 
v -3.02878 3.55843 -2.63099 
v -3.04575 2.58643 -2.96829 
v 3.69355 -4.38416 -1.98648 
v 4.04789 -4.34551 -0.637024 
v 4.20591 -5.20315 -0.642368 
v 3.72121 -3.63385 -1.93891 
v 4.07838 -3.59325 -0.632337 
v 3.59676 -2.36547 -1.87894 
v 3.94251 -2.31818 -0.621085 
v 3.59676 -2.36547 -1.87894 
v 3.32471 0.0964804 -1.68482 
v 1.57587 3.58669 -3.35272 
v 0.417628 3.52311 -3.58687 
v 0.446065 3.52311 -2.83377 
v 0.414379 3.4984 -3.66807 
v 1.57384 3.56278 -3.43666 
v 1.57587 3.58669 -3.35272 
v 0.411998 3.43326 -3.78259 
v 1.57496 3.49627 -3.55317 
v 1.59266 2.58924 -3.71176 
v -3.51697 2.04448 -0.196854 
v -3.34879 3.66905 -0.0623106 
v -3.293 3.62929 -1.00338 
v -3.293 3.62929 -1.00338 
v -3.15019 4.06698 -0.946727 
v -4.89818 -2.2502 1.36844 
v -4.90251 -2.31671 1.33934 
v -3.91941 -2.3186 1.30551 
v -3.02533 3.5537 -2.64238 
v -3.02878 3.55843 -2.63099 
v -3.02105 3.55847 -2.63646 
v -3.02105 3.55847 -2.63646 
v -2.9717 3.58601 -2.57249 
v -3.32759 4.10235 1.39467 
v -3.30874 4.10233 -0.0153746 
v -3.34879 3.66905 -0.0623106 
v -3.21272 5.17867 1.44574 
v -3.37384 3.66906 1.37412 
v -3.51697 2.04448 -0.196854 
v -3.43348 2.03544 1.27874 
v -3.51697 2.04448 -0.196854 
v -0.224659 3.49575 -3.77513 
v 0.411998 3.43326 -3.78259 
v 0.336799 2.58846 -3.95389 
v -0.224659 3.49575 -3.77513 
v 0.414379 3.4984 -3.66807 
v -0.221256 3.56115 -3.66364 
v 0.417628 3.52311 -3.58687 
v -0.224659 3.49575 -3.77513 
v 0.414379 3.4984 -3.66807 
v 2.66261 2.526 -3.04935 
v 2.61759 3.55903 -2.85356 
v 2.68984 2.55643 -2.94188 
v 2.61759 3.55903 -2.85356 
v 2.64807 3.50192 -2.76313 
v 3.32471 0.0964804 -1.68482 
v 3.68601 0.14497 -0.612766 
v 3.94251 -2.31818 -0.621085 
v 3.09898 2.55844 -1.49319 
v 3.04621 3.63029 -1.2995 
v 3.45684 2.04573 -0.588017 
v 3.68601 0.14497 -0.612766 
v -3.65908 -0.288793 -1.38028 
v -3.78275 -0.240563 -0.191906 
v -3.32103 2.55742 -1.18847 
v -3.90581 -2.36665 -1.51849 
v -4.00291 -2.31943 -0.174291 
v -3.78275 -0.240563 -0.191906 
v -3.51697 2.04448 -0.196854 
v -3.32103 2.55742 -1.18847 
v -3.51697 2.04448 -0.196854 
v -3.293 3.62929 -1.00338 
v -4.04395 -3.63163 -0.175592 
v -4.00291 -2.31943 -0.174291 
v -3.94926 -3.67216 -1.56951 
v -3.90581 -2.36665 -1.51849 
v -4.19664 -4.36658 -0.170905 
v -4.10993 -4.40516 -1.60779 
v -4.22641 -5.20449 -0.165562 
v -4.14878 -5.24085 -1.65142 
v -4.3518 -7.70287 -1.71247 
v -4.48967 -7.67254 -0.157104 
v -4.22641 -5.20449 -0.165562 
v -0.212169 -2.41233 -3.7762 
v -0.246544 -2.46 -4.57304 
v 0.473725 -2.41219 -3.81548 
v -0.994547 -2.41243 -3.73189 
v -1.47282 -2.41249 -4.51806 
v 0.876868 -2.41214 -4.64612 
v 0.846775 -2.38276 -4.70591 
v -0.246544 -2.46 -4.57304 
v 0.473725 -2.41219 -3.81548 
v 0.6965 -2.40948 -3.82983 
v 0.473725 -2.41219 -3.81548 
v 0.876868 -2.41214 -4.64612 
v -1.21888 -2.40982 -3.7091 
v -1.47282 -2.41249 -4.51806 
v -0.994547 -2.41243 -3.73189 
v -0.224659 3.49575 -3.77513 
v -0.243465 2.58919 -3.9243 
v -0.865069 3.49635 -3.72145 
v -0.221256 3.56115 -3.66364 
v -0.860433 3.56162 -3.60759 
v -0.221256 3.56115 -3.66364 
v -0.217703 3.58641 -3.58418 
v -2.05704 3.56237 -3.21906 
v -2.06505 3.49607 -3.33512 
v -2.98434 3.49759 -2.77751 
v -3.04575 2.58643 -2.96829 
v -2.46397 2.58909 -3.29543 
v -2.06505 3.49607 -3.33512 
v -2.45992 2.53083 -3.25713 
v -3.04867 3.50704 -2.53903 
v -3.02946 3.54924 -2.63303 
v -3.10506 2.52849 -2.85939 
v -3.12144 2.552 -2.75443 
v -3.10525 2.52592 -2.85996 
v -1.28792 -3.17405 -3.83479 
v -0.893854 -2.96333 -3.84684 
v -1.23197 -3.2076 -3.11723 
v -0.842454 -2.99565 -3.12882 
v -1.23197 -3.2076 -3.11723 
v -0.431976 -2.51815 -4.5644 
v -0.246544 -2.46 -4.57304 
v -0.212169 -2.41233 -3.7762 
v -0.249945 -2.43178 -4.63568 
v -0.439381 -2.4897 -4.62658 
v -0.431976 -2.51815 -4.5644 
v -0.827894 3.58632 -2.76492 
v -0.856353 3.58632 -3.52659 
v -2.02353 3.58614 -2.38993 
v -2.02353 3.58614 -2.38993 
v -1.9979 4.02862 -2.30833 
v 3.01239 4.06797 -1.23296 
v 3.41161 3.67013 -0.438675 
v 3.04621 3.63029 -1.2995 
v 3.45684 2.04573 -0.588017 
v -3.94926 -3.67216 -1.56951 
v -3.90581 -2.36665 -1.51849 
v -3.55086 -3.71627 -2.59506 
v -3.62615 -4.44716 -2.81295 
v -4.10993 -4.40516 -1.60779 
v -3.62615 -4.44716 -2.81295 
v -3.70361 -5.28044 -2.90998 
v -4.14878 -5.24085 -1.65142 
v -3.87228 -7.73588 -3.04678 
v -4.10993 -4.40516 -1.60779 
v -4.3518 -7.70287 -1.71247 
v -3.87228 -7.73588 -3.04678 
v -3.293 3.62929 -1.00338 
v -3.15019 4.06698 -0.946727 
v -2.89769 3.586 -1.61164 
v 0.446065 3.52311 -2.83377 
v 0.42486 3.98379 -2.74869 
v 1.6041 3.58671 -2.59647 
v 1.6041 3.58671 -2.59647 
v 1.57587 3.58669 -3.35272 
v -3.293 3.62929 -1.00338 
v -2.89769 3.586 -1.61164 
v -2.99607 2.49813 -1.83851 
v -3.04867 3.50704 -2.53903 
v -3.12144 2.552 -2.75443 
v -3.34879 3.66905 -0.0623106 
v -3.30874 4.10233 -0.0153746 
v -3.15019 4.06698 -0.946727 
v -3.15094 5.15425 -0.78631 
v -3.3113 5.17865 0.106866 
v -3.11603 5.56038 -0.732967 
v -3.27701 5.58102 0.14705 
v -3.07756 6.00794 -0.674184 
v -3.23922 6.02442 0.191333 
v -2.95089 7.547 -0.480617 
v -3.1148 7.54979 0.337154 
v -2.95089 7.547 -0.480617 
v -2.95089 7.547 -0.480617 
v -2.82185 7.7112 -0.401272 
v -4.05088 -3.63161 1.31755 
v -3.91941 -2.3186 1.30551 
v -4.04395 -3.63163 -0.175592 
v -4.19664 -4.36658 -0.170905 
v 2.67212 3.58685 -1.88101 
v 2.61134 4.02933 -1.82891 
v 3.04621 3.63029 -1.2995 
v -2.46397 2.58909 -3.29543 
v -2.06505 3.49607 -3.33512 
v -2.11816 2.66308 -3.48989 
v -2.45992 2.53083 -3.25713 
v -0.439381 -2.4897 -4.62658 
v -0.431976 -2.51815 -4.5644 
v -0.746847 -2.48064 -4.54971 
v -0.761052 -2.45179 -4.61113 
v -0.431976 -2.51815 -4.5644 
v -0.212169 -2.41233 -3.7762 
v -1.47282 -2.41249 -4.51806 
v -0.212169 -2.41233 -3.7762 
v -0.761052 -2.45179 -4.61113 
v -1.44963 -2.3825 -4.57983 
v -1.47282 -2.41249 -4.51806 
v 2.61134 4.02933 -1.82891 
v 2.46035 5.1285 -1.69949 
v 3.01239 4.06797 -1.23296 
v -3.15019 4.06698 -0.946727 
v -2.78961 4.02849 -1.55555 
v -2.89769 3.586 -1.61164 
v -4.97711 -2.34432 -0.0246416 
v -4.00291 -2.31943 -0.174291 
v -3.91941 -2.3186 1.30551 
v 2.72007 2.49898 -2.1099 
v 2.67212 3.58685 -1.88101 
v 3.09898 2.55844 -1.49319 
v -4.9075 -2.34431 1.26871 
v -4.97711 -2.34432 -0.0246416 
v -3.91941 -2.3186 1.30551 
v 4.81895 -2.34252 0.953894 
v 3.8166 -2.31741 1.10365 
v 3.94251 -2.31818 -0.621085 
v 3.21763 -7.73477 -3.25428 
v 3.08921 -5.27937 -3.10055 
v 4.00188 -7.70156 -2.11868 
v 3.85479 -5.23959 -2.04072 
v 3.02322 -4.42636 -2.99302 
v 3.02322 -4.42636 -2.99302 
v 3.69355 -4.38416 -1.98648 
v 2.96534 -3.67816 -2.89869 
v 4.93214 -2.3425 -0.583512 
v 4.81895 -2.34252 0.953894 
v 3.94251 -2.31818 -0.621085 
v 4.93736 -2.31512 -0.654438 
v 3.94251 -2.31818 -0.621085 
v 2.72007 2.49898 -2.1099 
v 3.09898 2.55844 -1.49319 
v 3.32471 0.0964804 -1.68482 
v 2.67212 3.58685 -1.88101 
v 3.04621 3.63029 -1.2995 
v 3.09898 2.55844 -1.49319 
v -2.95089 7.547 -0.480617 
v -2.82185 7.7112 -0.401272 
v -2.51499 7.54399 -1.02932 
v -2.631 5.99002 -1.26811 
v 2.61134 4.02933 -1.82891 
v 3.01239 4.06797 -1.23296 
v 3.04621 3.63029 -1.2995 
v -3.65908 -0.288793 -1.38028 
v -3.32103 2.55742 -1.18847 
v -3.25227 -0.340492 -2.31355 
v -3.43222 -2.41281 -2.61628 
v -3.90581 -2.36665 -1.51849 
v -3.55086 -3.71627 -2.59506 
v 0.417628 3.52311 -3.58687 
v -0.217703 3.58641 -3.58418 
v -0.1891 3.58641 -2.80129 
v -0.221256 3.56115 -3.66364 
v -0.1891 3.58641 -2.80129 
v -0.827894 3.58632 -2.76492 
v -0.1891 3.58641 -2.80129 
v -0.185038 4.0289 -2.71659 
v -3.32103 2.55742 -1.18847 
v -2.99607 2.49813 -1.83851 
v -3.25227 -0.340492 -2.31355 
v 0.74054 -3.22219 -3.94368 
v 0.766876 -3.2555 -3.2244 
v 0.391157 -2.99294 -3.93053 
v 2.85825 -2.41182 -2.77826 
v 3.59676 -2.36547 -1.87894 
v 3.72121 -3.63385 -1.93891 
v 3.32471 0.0964804 -1.68482 
v 2.96534 -3.67816 -2.89869 
v 3.69355 -4.38416 -1.98648 
v 2.69188 0.0435786 -2.52429 
v 2.72007 2.49898 -2.1099 
v 2.72007 2.49898 -2.1099 
v 2.68984 2.55643 -2.94188 
v 2.67212 3.58685 -1.88101 
v 2.68984 2.55643 -2.94188 
v 2.64807 3.50192 -2.76313 
v 2.67212 3.58685 -1.88101 
v -2.11816 2.66308 -3.48989 
v -2.06505 3.49607 -3.33512 
v -0.893338 2.58839 -3.88498 
v -2.10369 2.6012 -3.45292 
v 0.766876 -3.2555 -3.2244 
v 0.42057 -3.02503 -3.21121 
v 0.391157 -2.99294 -3.93053 
v 2.69188 0.0435786 -2.52429 
v 3.32471 0.0964804 -1.68482 
v 2.85825 -2.41182 -2.77826 
v 2.40723 5.99081 -1.55433 
v 2.86749 6.00888 -0.947898 
v 2.84125 5.56133 -1.01068 
v 2.31552 7.47947 -1.30372 
v 2.37692 5.53874 -1.63043 
v 2.31552 7.47947 -1.30372 
v 2.7624 7.55233 -0.741158 
v 2.37692 5.53874 -1.63043 
v 2.92836 5.15521 -1.06765 
v 2.46035 5.1285 -1.69949 
v 3.01239 4.06797 -1.23296 
v -3.32103 2.55742 -1.18847 
v -3.293 3.62929 -1.00338 
v -2.99607 2.49813 -1.83851 
v -4.97711 -2.34432 -0.0246416 
v -4.97971 -2.31672 -0.0953656 
v -4.00291 -2.31943 -0.174291 
v -4.97711 -2.34432 -0.0246416 
v -5.042 -2.31781 -0.0209306 
v -3.55086 -3.71627 -2.59506 
v -3.43222 -2.41281 -2.61628 
v -2.48776 -3.7161 -3.45796 
v -2.52979 -4.44699 -3.54488 
v 4.47047 2.01501 1.03757 
v 4.52921 2.00322 1.02143 
v 4.54721 2.01741 0.962938 
v -2.05704 3.56237 -3.21906 
v -3.02105 3.55847 -2.63646 
v -2.0517 3.58612 -3.13526 
v -2.98434 3.49759 -2.77751 
v -3.02533 3.5537 -2.64238 
v -3.02105 3.55847 -2.63646 
v -2.9717 3.58601 -2.57249 
v -2.0517 3.58612 -3.13526 
v -2.89769 3.586 -1.61164 
v -3.02004 3.55979 -2.52122 
v -3.02878 3.55843 -2.63099 
v -3.02946 3.54924 -2.63303 
v 4.47795 1.94814 1.06705 
v 4.47047 2.01501 1.03757 
v 3.33158 2.03658 1.1324 
v -4.60475 2.01578 1.25155 
v -4.58806 2.0015 1.3081 
v -4.53079 2.01351 1.3184 
v 1.1942 -7.73508 -4.29799 
v 1.10074 -5.20156 -4.14858 
v 2.08228 -7.73494 -4.05571 
v 2.08228 -7.73494 -4.05571 
v 2.01328 -5.27954 -3.90536 
v 3.21763 -7.73477 -3.25428 
v 3.08921 -5.27937 -3.10055 
v 1.97726 -4.42652 -3.7999 
v 3.02322 -4.42636 -2.99302 
v 1.94567 -3.67832 -3.7074 
v 1.94567 -3.67832 -3.7074 
v 2.96534 -3.67816 -2.89869 
v 1.88138 -2.41197 -3.58871 
v 2.85825 -2.41182 -2.77826 
v 1.78931 0.0052495 -3.26686 
v 2.69188 0.0435786 -2.52429 
v 2.85825 -2.41182 -2.77826 
v -2.66623 5.53793 -1.34063 
v -2.631 5.99002 -1.26811 
v -1.91228 5.53805 -1.94315 
v -1.93423 5.12781 -2.10562 
v 1.53087 5.53858 -2.23179 
v 1.51495 5.99066 -2.15252 
v 2.37692 5.53874 -1.63043 
v 2.46035 5.1285 -1.69949 
v -0.436155 -2.39278 -4.66171 
v -0.439381 -2.4897 -4.62658 
v -0.761052 -2.45179 -4.61113 
v -0.750748 -2.35526 -4.64397 
v -0.232379 -0.653366 -4.21843 
v -2.89769 3.586 -1.61164 
v -3.04867 3.50704 -2.53903 
v -2.99607 2.49813 -1.83851 
v -0.241414 2.49707 -3.78599 
v 0.340415 2.49678 -3.81776 
v 0.355515 2.48336 -3.43222 
v 0.340415 2.49678 -3.81776 
v 0.337258 2.52583 -3.87783 
v -0.244088 2.5262 -3.84677 
v 0.336799 2.58846 -3.95389 
v -0.243465 2.58919 -3.9243 
v -0.224659 3.49575 -3.77513 
v -0.89503 2.52589 -3.80809 
v -0.892836 2.49734 -3.74767 
v -0.893338 2.58839 -3.88498 
v -0.865069 3.49635 -3.72145 
v -0.241414 2.49707 -3.78599 
v -0.892836 2.49734 -3.74767 
v -0.220721 2.49138 -3.40164 
v -0.224647 0.0431156 -4.06792 
v -1.02003 0.0429845 -4.02038 
v -1.01836 -0.367002 -4.11243 
v -0.229198 -0.366863 -4.16319 
v -0.232379 -0.653366 -4.21843 
v 0.540953 0.0432286 -4.10981 
v 0.630472 -0.366747 -4.20772 
v 0.630978 -0.653241 -4.26481 
v 0.814834 -2.28678 -4.72931 
v 0.883592 -2.28596 -4.70265 
v 0.846775 -2.38276 -4.70591 
v -2.631 5.99002 -1.26811 
v -1.8881 5.99013 -1.95877 
v -1.91228 5.53805 -1.94315 
v -2.51499 7.54399 -1.02932 
v -2.51499 7.54399 -1.02932 
v -1.80846 7.54409 -1.70524 
v -2.40026 7.71127 -0.917492 
v -2.40026 7.71127 -0.917492 
v -1.72805 7.71138 -1.57027 
v -3.15094 5.15425 -0.78631 
v -2.6982 5.12768 -1.40643 
v -2.78961 4.02849 -1.55555 
v -3.07756 6.00794 -0.674184 
v -2.631 5.99002 -1.26811 
v -2.66623 5.53793 -1.34063 
v -2.95089 7.547 -0.480617 
v -3.11603 5.56038 -0.732967 
v -2.6982 5.12768 -1.40643 
v -3.15094 5.15425 -0.78631 
v -2.6982 5.12768 -1.40643 
v 0.337258 2.52583 -3.87783 
v 0.336799 2.58846 -3.95389 
v 1.59266 2.58924 -3.71176 
v 0.411998 3.43326 -3.78259 
v 1.55349 2.52558 -3.66373 
v 0.337258 2.52583 -3.87783 
v 0.340415 2.49678 -3.81776 
v -0.750748 -2.35526 -4.64397 
v -1.41875 -2.2871 -4.60604 
v -1.20364 -1.27495 -4.35641 
v -1.44963 -2.3825 -4.57983 
v 0.846775 -2.38276 -4.70591 
v -0.249945 -2.43178 -4.63568 
v 0.814834 -2.28678 -4.72931 
v -0.250887 -2.33463 -4.67216 
v -0.232379 -0.653366 -4.21843 
v -0.249945 -2.43178 -4.63568 
v 1.51495 5.99066 -2.15252 
v 2.40723 5.99081 -1.55433 
v 2.37692 5.53874 -1.63043 
v 1.46253 7.47932 -1.89148 
v 1.46253 7.47932 -1.89148 
v 2.31552 7.47947 -1.30372 
v 1.39995 7.6466 -1.74836 
v 4.67302 2.06089 -0.575686 
v 4.47478 2.04338 0.966398 
v 4.74391 2.03555 -0.580909 
v 4.68592 2.03463 -0.646932 
v 4.54721 2.01741 0.962938 
v 4.47047 2.01501 1.03757 
v 0.876868 -2.41214 -4.64612 
v 0.91896 -2.37394 -4.63156 
v 0.6965 -2.40948 -3.82983 
v -1.51394 -2.37472 -4.49777 
v -1.47282 -2.41249 -4.51806 
v -1.21888 -2.40982 -3.7091 
v -0.217703 3.58641 -3.58418 
v -0.856353 3.58632 -3.52659 
v -0.827894 3.58632 -2.76492 
v -0.860433 3.56162 -3.60759 
v 1.10074 -5.20156 -4.14858 
v 2.01328 -5.27954 -3.90536 
v 2.08228 -7.73494 -4.05571 
v 1.06402 -4.36172 -4.04598 
v 2.01328 -5.27954 -3.90536 
v -2.78961 4.02849 -1.55555 
v -1.9979 4.02862 -2.30833 
v -2.02353 3.58614 -2.38993 
v -2.89769 3.586 -1.61164 
v -2.78961 4.02849 -1.55555 
v -3.15019 4.06698 -0.946727 
v -3.15094 5.15425 -0.78631 
v -2.78961 4.02849 -1.55555 
v 0.695197 2.10827 -3.51209 
v 1.01333 1.81082 -3.45866 
v 0.540157 1.73137 -3.62434 
v 1.01333 1.81082 -3.45866 
v 0.922633 1.59034 -3.52432 
v 0.540157 1.73137 -3.62434 
v 0.922633 1.59034 -3.52432 
v 0.526741 1.30375 -3.70449 
v 0.922633 1.59034 -3.52432 
v 0.914785 1.34019 -3.57121 
v 0.526741 1.30375 -3.70449 
v 0.526741 1.30375 -3.70449 
v 0.914785 1.34019 -3.57121 
v 0.65699 0.890518 -3.74034 
v 0.914785 1.34019 -3.57121 
v 0.990979 1.09845 -3.59219 
v 0.65699 0.890518 -3.74034 
v 0.65699 0.890518 -3.74034 
v 0.990979 1.09845 -3.59219 
v 0.911074 0.554578 -3.72643 
v 0.990979 1.09845 -3.59219 
v 1.13962 0.901932 -3.58405 
v 0.911074 0.554578 -3.72643 
v 1.78931 0.0052495 -3.26686 
v 1.73954 2.49884 -2.70656 
v 2.69188 0.0435786 -2.52429 
v 1.17307 1.96807 -3.38421 
v 1.01333 1.81082 -3.45866 
v 0.695197 2.10827 -3.51209 
v 0.968256 2.37707 -3.38483 
v 1.17307 1.96807 -3.38421 
v 0.695197 2.10827 -3.51209 
v 0.911074 0.554578 -3.72643 
v 1.13962 0.901932 -3.58405 
v 1.25031 0.347075 -3.66488 
v 1.13962 0.901932 -3.58405 
v 1.33807 0.780545 -3.54804 
v 1.25031 0.347075 -3.66488 
v -2.02353 3.58614 -2.38993 
v -2.0517 3.58612 -3.13526 
v -2.89769 3.586 -1.61164 
v 2.67212 3.58685 -1.88101 
v 2.57055 3.58683 -2.79115 
v 1.6041 3.58671 -2.59647 
v 1.31776 2.49685 -3.26193 
v 1.37752 2.03814 -3.31232 
v 0.968256 2.37707 -3.38483 
v 1.25031 0.347075 -3.66488 
v 1.33807 0.780545 -3.54804 
v 1.62306 0.299602 -3.56506 
v 1.33807 0.780545 -3.54804 
v 1.55612 0.752773 -3.48965 
v 1.62306 0.299602 -3.56506 
v 0.446065 3.52311 -2.83377 
v 0.417628 3.52311 -3.58687 
v -0.1891 3.58641 -2.80129 
v -2.57772 -5.28026 -3.64397 
v -1.67171 -5.202 -4.01433 
v -1.83044 -7.73556 -4.15413 
v -2.52979 -4.44699 -3.54488 
v -1.67171 -5.202 -4.01433 
v 0.883592 -2.28596 -4.70265 
v 0.814834 -2.28678 -4.72931 
v 0.630978 -0.653241 -4.26481 
v 0.699758 -0.65299 -4.23826 
v 0.630472 -0.366747 -4.20772 
v 0.699256 -0.366594 -4.18118 
v 0.540953 0.0432286 -4.10981 
v 0.609742 0.0432396 -4.08329 
v 0.355515 2.48336 -3.43222 
v 1.59558 2.01037 -3.25393 
v 1.37752 2.03814 -3.31232 
v 1.31776 2.49685 -3.26193 
v 1.69051 2.44938 -3.16211 
v 1.59558 2.01037 -3.25393 
v 1.31776 2.49685 -3.26193 
v -0.232379 -0.653366 -4.21843 
v -0.250887 -2.33463 -4.67216 
v -0.436155 -2.39278 -4.66171 
v -0.439381 -2.4897 -4.62658 
v 1.62306 0.299602 -3.56506 
v 1.55612 0.752773 -3.48965 
v 1.97257 0.419381 -3.44217 
v 1.55612 0.752773 -3.48965 
v 1.76058 0.822845 -3.41776 
v 1.97257 0.419381 -3.44217 
v 1.6041 3.58671 -2.59647 
v 1.58723 4.02918 -2.51245 
v 2.67212 3.58685 -1.88101 
v -2.68697 -7.7357 -3.78416 
v -2.57772 -5.28026 -3.64397 
v -1.83044 -7.73556 -4.15413 
v -3.87228 -7.73588 -3.04678 
v -3.70361 -5.28044 -2.90998 
v -2.57772 -5.28026 -3.64397 
v -2.68697 -7.7357 -3.78416 
v -3.62615 -4.44716 -2.81295 
v -3.62615 -4.44716 -2.81295 
v -2.52979 -4.44699 -3.54488 
v -3.55086 -3.71627 -2.59506 
v 1.79403 1.88898 -3.21792 
v 1.59558 2.01037 -3.25393 
v 1.69051 2.44938 -3.16211 
v 2.02975 2.24187 -3.10056 
v 1.79403 1.88898 -3.21792 
v 1.69051 2.44938 -3.16211 
v 1.97257 0.419381 -3.44217 
v 1.76058 0.822845 -3.41776 
v 2.24563 0.688184 -3.31491 
v 1.76058 0.822845 -3.41776 
v 1.92031 0.980089 -3.34331 
v 2.24563 0.688184 -3.31491 
v 1.58723 4.02918 -2.51245 
v 2.61134 4.02933 -1.82891 
v 2.67212 3.58685 -1.88101 
v 1.54532 5.12835 -2.30373 
v 2.24563 0.688184 -3.31491 
v 1.92031 0.980089 -3.34331 
v 2.40067 1.06508 -3.20266 
v 1.92031 0.980089 -3.34331 
v 2.01101 1.20057 -3.27765 
v 2.40067 1.06508 -3.20266 
v 2.28383 1.90594 -3.08665 
v 1.94266 1.69246 -3.20979 
v 2.02975 2.24187 -3.10056 
v 2.40067 1.06508 -3.20266 
v 2.01101 1.20057 -3.27765 
v 2.41408 1.4927 -3.1225 
v 2.41408 1.4927 -3.1225 
v 2.01886 1.45072 -3.23076 
v 2.28383 1.90594 -3.08665 
v 2.01886 1.45072 -3.23076 
v 1.94266 1.69246 -3.20979 
v 2.28383 1.90594 -3.08665 
v 2.41408 1.4927 -3.1225 
v 2.28383 1.90594 -3.08665 
v 2.11607 1.78298 -2.50417 
v 2.01101 1.20057 -3.27765 
v 2.01886 1.45072 -3.23076 
v -1.14081 0.966015 -3.60373 
v -1.47607 1.16425 -3.44735 
v -1.01963 1.37878 -3.57 
v -1.47607 1.16425 -3.44735 
v -1.40518 1.40571 -3.42762 
v -1.01963 1.37878 -3.57 
v -1.01963 1.37878 -3.57 
v -1.40518 1.40571 -3.42762 
v -1.04133 1.80241 -3.48859 
v -1.40518 1.40571 -3.42762 
v -1.41788 1.65353 -3.38 
v -1.04133 1.80241 -3.48859 
v -1.38642 0.626955 -3.58465 
v -1.61975 0.965905 -3.43619 
v -1.14081 0.966015 -3.60373 
v -1.61975 0.965905 -3.43619 
v -1.47607 1.16425 -3.44735 
v -1.14081 0.966015 -3.60373 
v -1.04133 1.80241 -3.48859 
v -1.41788 1.65353 -3.38 
v -1.20261 2.17242 -3.37191 
v -1.41788 1.65353 -3.38 
v -1.51222 1.86998 -3.31174 
v -1.20261 2.17242 -3.37191 
v 1.54532 5.12835 -2.30373 
v 1.53087 5.53858 -2.23179 
v 2.46035 5.1285 -1.69949 
v 2.61134 4.02933 -1.82891 
v -1.51222 1.86998 -3.31174 
v -1.67386 2.02211 -3.23323 
v -1.47892 2.43247 -3.2377 
v -1.20261 2.17242 -3.37191 
v -1.51222 1.86998 -3.31174 
v -1.47892 2.43247 -3.2377 
v -1.71908 0.413218 -3.51567 
v -1.81435 0.840874 -3.39583 
v -1.38642 0.626955 -3.58465 
v -1.81435 0.840874 -3.39583 
v -1.61975 0.965905 -3.43619 
v -1.38642 0.626955 -3.58465 
v -1.02003 0.0429845 -4.02038 
v -0.866379 2.49331 -3.36138 
v -0.220721 2.49138 -3.40164 
v -2.6982 5.12768 -1.40643 
v -2.66623 5.53793 -1.34063 
v -1.93423 5.12781 -2.10562 
v -1.9979 4.02862 -2.30833 
v -1.02003 0.0429845 -4.02038 
v -1.08553 0.0429754 -3.98618 
v -0.866379 2.49331 -3.36138 
v -1.01836 -0.367002 -4.11243 
v -1.08387 -0.366882 -4.07819 
v -1.20364 -1.27495 -4.35641 
v -1.26917 -1.27474 -4.32215 
v -1.41875 -2.2871 -4.60604 
v -1.48435 -2.28637 -4.57165 
v -1.44963 -2.3825 -4.57983 
v -1.48435 -2.28637 -4.57165 
v -0.232379 -0.653366 -4.21843 
v -0.750748 -2.35526 -4.64397 
v -1.20364 -1.27495 -4.35641 
v -1.67386 2.02211 -3.23323 
v -1.87817 2.08675 -3.15643 
v -1.82818 2.54296 -3.10641 
v -1.47892 2.43247 -3.2377 
v -1.67386 2.02211 -3.23323 
v -1.82818 2.54296 -3.10641 
v -2.08813 0.357347 -3.40728 
v -2.03024 0.808189 -3.33243 
v -1.71908 0.413218 -3.51567 
v -2.03024 0.808189 -3.33243 
v -1.81435 0.840874 -3.39583 
v -1.71908 0.413218 -3.51567 
v -1.87817 2.08675 -3.15643 
v -2.09406 2.05406 -3.09302 
v -2.19723 2.48709 -2.99803 
v -1.82818 2.54296 -3.10641 
v -1.87817 2.08675 -3.15643 
v -2.19723 2.48709 -2.99803 
v -2.43739 0.467845 -3.27599 
v -2.23456 0.872828 -3.25563 
v -2.08813 0.357347 -3.40728 
v -2.23456 0.872828 -3.25563 
v -2.03024 0.808189 -3.33243 
v -2.08813 0.357347 -3.40728 
v -2.99607 2.49813 -1.83851 
v -2.07171 2.49825 -2.61334 
v -2.28433 -0.362606 -3.03493 
v 3.8166 -2.31741 1.10365 
v 4.81102 -2.24849 1.05466 
v 3.55804 0.144956 1.12589 
v 4.81374 -2.31513 1.02492 
v 3.8166 -2.31741 1.10365 
v 4.83441 -1.32683 1.05714 
v 4.92173 -1.26388 1.02478 
v 4.81102 -2.24849 1.05466 
v 4.92177 -0.648042 1.02588 
v 4.88021 -2.24982 1.02239 
v 4.81102 -2.24849 1.05466 
v 4.81102 -2.24849 1.05466 
v 4.81374 -2.31513 1.02492 
v 4.82468 -0.63228 1.05848 
v 4.88041 0.449989 1.02718 
v 3.55804 0.144956 1.12589 
v 4.77742 0.148035 1.05928 
v 4.88041 0.449989 1.02718 
v 3.33158 2.03658 1.1324 
v 4.47795 1.94814 1.06705 
v 4.88041 0.449989 1.02718 
v 4.54951 1.94911 1.03506 
v -2.09406 2.05406 -3.09302 
v -2.28866 1.92903 -3.05267 
v -2.52989 2.27335 -2.92904 
v -2.19723 2.48709 -2.99803 
v -2.09406 2.05406 -3.09302 
v -2.52989 2.27335 -2.92904 
v -2.7137 0.727892 -3.14179 
v -2.39619 1.02495 -3.17712 
v -2.43739 0.467845 -3.27599 
v -2.39619 1.02495 -3.17712 
v -2.23456 0.872828 -3.25563 
v -2.43739 0.467845 -3.27599 
v -0.220721 2.49138 -3.40164 
v -0.241414 2.49707 -3.78599 
v 0.355515 2.48336 -3.43222 
v -0.224647 0.0431156 -4.06792 
v 0.355515 2.48336 -3.43222 
v -2.78961 4.02849 -1.55555 
v -2.6982 5.12768 -1.40643 
v -1.9979 4.02862 -2.30833 
v -2.52989 2.27335 -2.92904 
v -2.28866 1.92903 -3.05267 
v -2.7755 1.93429 -2.90996 
v -2.28866 1.92903 -3.05267 
v -2.43234 1.73068 -3.0415 
v -2.7755 1.93429 -2.90996 
v -2.89668 1.52153 -2.94369 
v -2.43234 1.73068 -3.0415 
v -2.50323 1.48922 -3.06124 
v -2.89668 1.52153 -2.94369 
v -2.89668 1.52153 -2.94369 
v -2.50323 1.48922 -3.06124 
v -2.87498 1.0979 -3.0251 
v -2.50323 1.48922 -3.06124 
v -2.49054 1.2414 -3.10886 
v -2.87498 1.0979 -3.0251 
v -2.87498 1.0979 -3.0251 
v -2.49054 1.2414 -3.10886 
v -2.7137 0.727892 -3.14179 
v -2.49054 1.2414 -3.10886 
v -2.39619 1.02495 -3.17712 
v -2.7137 0.727892 -3.14179 
v -0.232379 -0.653366 -4.21843 
v -1.20364 -1.27495 -4.35641 
v -1.01836 -0.367002 -4.11243 
v 1.73954 2.49884 -2.70656 
v 2.72007 2.49898 -2.1099 
v 2.69188 0.0435786 -2.52429 
v -3.25227 -0.340492 -2.31355 
v -2.99607 2.49813 -1.83851 
v -2.28433 -0.362606 -3.03493 
v -2.40507 -2.41265 -3.34466 
v -3.43222 -2.41281 -2.61628 
v -2.48776 -3.7161 -3.45796 
v -2.48776 -3.7161 -3.45796 
v -2.40507 -2.41265 -3.34466 
v -1.54243 -3.62544 -3.82205 
v -0.171469 5.53832 -2.43368 
v -0.777777 5.53823 -2.30656 
v -0.167636 5.99041 -2.35377 
v -0.787664 5.12799 -2.47131 
v 0.91896 -2.37394 -4.63156 
v 0.893621 -2.36547 -4.68491 
v 0.883592 -2.28596 -4.70265 
v 1.06402 -4.36172 -4.04598 
v 1.97726 -4.42652 -3.7999 
v 2.01328 -5.27954 -3.90536 
v 0.985807 -3.62507 -3.95599 
v 1.94567 -3.67832 -3.7074 
v 1.97726 -4.42652 -3.7999 
v 0.938078 1.75625 -3.19756 
v 1.38805 1.33817 -3.12762 
v 0.847382 1.53577 -3.26323 
v 1.09781 1.9135 -3.12312 
v 0.938078 1.75625 -3.19756 
v 1.86741 1.63789 -2.94869 
v 1.38805 1.33817 -3.12762 
v 1.71877 1.83441 -2.95683 
v 0.847382 1.53577 -3.26323 
v 0.839534 1.28562 -3.31012 
v 1.26281 0.725975 -3.28695 
v 1.48087 0.698204 -3.22855 
v 0.915727 1.04388 -3.33109 
v 1.06436 0.847362 -3.32295 
v 0.839534 1.28562 -3.31012 
v 1.38805 1.33817 -3.12762 
v 1.06436 0.847362 -3.32295 
v 1.38805 1.33817 -3.12762 
v 1.26281 0.725975 -3.28695 
v -2.52979 -4.44699 -3.54488 
v -1.62762 -4.36212 -3.9119 
v -1.67171 -5.202 -4.01433 
v -2.48776 -3.7161 -3.45796 
v 1.30227 1.98357 -3.05123 
v 1.38805 1.33817 -3.12762 
v 1.09781 1.9135 -3.12312 
v 1.68533 0.768273 -3.15666 
v 1.84506 0.925521 -3.08222 
v 1.84506 0.925521 -3.08222 
v 1.93576 1.146 -3.01655 
v 1.52032 1.9558 -2.99283 
v 1.38805 1.33817 -3.12762 
v 1.30227 1.98357 -3.05123 
v 1.48087 0.698204 -3.22855 
v 1.38805 1.33817 -3.12762 
v 1.68533 0.768273 -3.15666 
v 0.6965 -2.40948 -3.82983 
v 1.88138 -2.41197 -3.58871 
v 1.94567 -3.67832 -3.7074 
v 0.729464 -0.0240893 -3.50927 
v 1.78931 0.0052495 -3.26686 
v 1.88138 -2.41197 -3.58871 
v 1.71877 1.83441 -2.95683 
v 1.38805 1.33817 -3.12762 
v 1.52032 1.9558 -2.99283 
v 1.93576 1.146 -3.01655 
v 1.9436 1.39615 -2.96966 
v 1.9436 1.39615 -2.96966 
v 1.38805 1.33817 -3.12762 
v 1.86741 1.63789 -2.94869 
v 1.06402 -4.36172 -4.04598 
v 0.985807 -3.62507 -3.95599 
v 1.97726 -4.42652 -3.7999 
v -1.31925 1.3505 -3.158 
v -1.86441 1.38962 -2.96264 
v -1.33195 1.59832 -3.11038 
v -1.79224 2.03154 -2.88681 
v -1.86441 1.38962 -2.96264 
v -2.00813 1.99885 -2.82341 
v -1.72842 0.785663 -3.12622 
v -1.53382 0.910696 -3.16658 
v -1.39014 1.10904 -3.17774 
v -1.42629 1.81477 -3.04212 
v -1.86441 1.38962 -2.96264 
v -1.58793 1.9669 -2.96361 
v -1.39014 1.10904 -3.17774 
v -1.31925 1.3505 -3.158 
v 2.02975 2.24187 -3.10056 
v 1.69051 2.44938 -3.16211 
v 1.52275 2.32643 -2.57963 
v 1.94266 1.69246 -3.20979 
v 1.79403 1.88898 -3.21792 
v -1.33195 1.59832 -3.11038 
v -1.86441 1.38962 -2.96264 
v -1.42629 1.81477 -3.04212 
v -2.4173 1.43401 -2.79162 
v -2.40461 1.18619 -2.83924 
v 0.729464 -0.0240893 -3.50927 
v 0.377715 2.40219 -3.12473 
v 1.73954 2.49884 -2.70656 
v -1.58793 1.9669 -2.96361 
v -1.86441 1.38962 -2.96264 
v -1.79224 2.03154 -2.88681 
v -1.94431 0.752979 -3.06281 
v -1.86441 1.38962 -2.96264 
v -1.72842 0.785663 -3.12622 
v 0.74054 -3.22219 -3.94368 
v 0.6965 -2.40948 -3.82983 
v 0.985807 -3.62507 -3.95599 
v -2.00813 1.99885 -2.82341 
v -1.86441 1.38962 -2.96264 
v -2.20273 1.87382 -2.78305 
v -2.14862 0.817619 -2.98601 
v -1.86441 1.38962 -2.96264 
v -1.94431 0.752979 -3.06281 
v -2.34641 1.67547 -2.77189 
v -2.4173 1.43401 -2.79162 
v -2.40461 1.18619 -2.83924 
v -2.31026 0.969744 -2.9075 
v -2.31026 0.969744 -2.9075 
v -1.86441 1.38962 -2.96264 
v -2.14862 0.817619 -2.98601 
v -2.20273 1.87382 -2.78305 
v -1.86441 1.38962 -2.96264 
v -2.34641 1.67547 -2.77189 
v -4.73295 -0.185958 1.36499 
v -4.82999 -0.55962 1.36549 
v -3.70192 -0.240421 1.29916 
v -4.82999 -0.55962 1.36549 
v -4.89818 -2.2502 1.36844 
v -3.70192 -0.240421 1.29916 
v -2.48776 -3.7161 -3.45796 
v -1.54243 -3.62544 -3.82205 
v -1.62762 -4.36212 -3.9119 
v -4.53742 1.94672 1.34792 
v -4.8015 0.146662 1.36426 
v -3.70192 -0.240421 1.29916 
v -3.43348 2.03544 1.27874 
v -4.53742 1.94672 1.34792 
v -3.70192 -0.240421 1.29916 
v -4.53079 2.01351 1.3184 
v -3.43348 2.03544 1.27874 
v 0.985807 -3.62507 -3.95599 
v 0.6965 -2.40948 -3.82983 
v 1.94567 -3.67832 -3.7074 
v -4.89818 -2.2502 1.36844 
v -3.91941 -2.3186 1.30551 
v -3.70192 -0.240421 1.29916 
v 1.78931 0.0052495 -3.26686 
v 0.729464 -0.0240893 -3.50927 
v 1.73954 2.49884 -2.70656 
v 0.42486 3.98379 -2.74869 
v 1.58723 4.02918 -2.51245 
v 1.6041 3.58671 -2.59647 
v 0.372185 5.12817 -2.53734 
v -2.07171 2.49825 -2.61334 
v -0.855528 2.4919 -3.05451 
v -1.14412 -0.372633 -3.40402 
v -1.48435 -2.28637 -4.57165 
v -1.49429 -2.36575 -4.55337 
v -1.51394 -2.37472 -4.49777 
v -4.73295 -0.185958 1.36499 
v -3.70192 -0.240421 1.29916 
v -4.8015 0.146662 1.36426 
v -1.9979 4.02862 -2.30833 
v -0.816347 4.02881 -2.68065 
v -0.827894 3.58632 -2.76492 
v -1.93423 5.12781 -2.10562 
v -2.28433 -0.362606 -3.03493 
v -2.07171 2.49825 -2.61334 
v -1.14412 -0.372633 -3.40402 
v -2.28433 -0.362606 -3.03493 
v -1.21888 -2.40982 -3.7091 
v -2.40507 -2.41265 -3.34466 
v -1.54243 -3.62544 -3.82205 
v -2.28433 -0.362606 -3.03493 
v 0.367467 5.99049 -2.38423 
v 1.51495 5.99066 -2.15252 
v 1.53087 5.53858 -2.23179 
v 0.359323 7.59 -2.11991 
v 0.369941 5.53841 -2.4645 
v 0.359323 7.59 -2.11991 
v 1.46253 7.47932 -1.89148 
v 1.54532 5.12835 -2.30373 
v 0.372185 5.12817 -2.53734 
v 1.58723 4.02918 -2.51245 
v 4.74391 2.03555 -0.580909 
v 4.73892 2.02258 -0.636248 
v 4.68592 2.03463 -0.646932 
v 0.473725 -2.41219 -3.81548 
v 0.6965 -2.40948 -3.82983 
v 0.74054 -3.22219 -3.94368 
v -1.8881 5.99013 -1.95877 
v -0.766883 5.99031 -2.31965 
v -0.777777 5.53823 -2.30656 
v -1.80846 7.54409 -1.70524 
v -1.91228 5.53805 -1.94315 
v -0.787664 5.12799 -2.47131 
v -1.80846 7.54409 -1.70524 
v -0.731009 7.47899 -2.05784 
v -1.93423 5.12781 -2.10562 
v -0.787664 5.12799 -2.47131 
v -0.816347 4.02881 -2.68065 
v -0.1891 3.58641 -2.80129 
v -0.185038 4.0289 -2.71659 
v 0.446065 3.52311 -2.83377 
v -0.185038 4.0289 -2.71659 
v -0.816347 4.02881 -2.68065 
v -0.174947 5.12808 -2.50619 
v -0.827894 3.58632 -2.76492 
v -0.185038 4.0289 -2.71659 
v 0.42486 3.98379 -2.74869 
v 0.446065 3.52311 -2.83377 
v -0.174947 5.12808 -2.50619 
v -1.28792 -3.17405 -3.83479 
v -1.54243 -3.62544 -3.82205 
v -1.21888 -2.40982 -3.7091 
v -1.5079 -2.28568 -4.49798 
v -1.48435 -2.28637 -4.57165 
v -1.51394 -2.37472 -4.49777 
v -0.766883 5.99031 -2.31965 
v -0.731009 7.47899 -2.05784 
v -0.155015 7.60567 -2.09063 
v 0.391157 -2.99294 -3.93053 
v 0.473725 -2.41219 -3.81548 
v 0.74054 -3.22219 -3.94368 
v 4.47047 2.01501 1.03757 
v 4.47478 2.04338 0.966398 
v 3.33158 2.03658 1.1324 
v -1.28792 -3.17405 -3.83479 
v -1.21888 -2.40982 -3.7091 
v -0.994547 -2.41243 -3.73189 
v -2.7755 1.93429 -2.90996 
v -2.89668 1.52153 -2.94369 
v -2.67483 1.37842 -2.2475 
v -2.65313 0.954791 -2.32891 
v -2.89668 1.52153 -2.94369 
v -2.87498 1.0979 -3.0251 
v -2.65313 0.954791 -2.32891 
v -4.53364 2.04219 1.24744 
v -4.53079 2.01351 1.3184 
v -3.43348 2.03544 1.27874 
v -4.60475 2.01578 1.25155 
v -4.53079 2.01351 1.3184 
v -4.6595 2.03283 -0.101615 
v -4.71333 2.02101 -0.0842016 
v -4.72006 2.03372 -0.0266176 
v -0.893854 -2.96333 -3.84684 
v -1.28792 -3.17405 -3.83479 
v -0.994547 -2.41243 -3.73189 
v -0.167636 5.99041 -2.35377 
v 0.367467 5.99049 -2.38423 
v 0.369941 5.53841 -2.4645 
v -0.155015 7.60567 -2.09063 
v 0.359323 7.59 -2.11991 
v -0.766883 5.99031 -2.31965 
v -0.777777 5.53823 -2.30656 
v -0.171469 5.53832 -2.43368 
v 0.372185 5.12817 -2.53734 
v -0.174947 5.12808 -2.50619 
v 0.42486 3.98379 -2.74869 
v -0.787664 5.12799 -2.47131 
v -0.816347 4.02881 -2.68065 
v -2.52989 2.27335 -2.92904 
v -2.7755 1.93429 -2.90996 
v -2.55365 1.79119 -2.21377 
v -2.7755 1.93429 -2.90996 
v -2.67483 1.37842 -2.2475 
v 2.2329 0.942132 -2.62018 
v 2.40067 1.06508 -3.20266 
v 2.24632 1.36975 -2.54002 
v -2.87498 1.0979 -3.0251 
v -2.7137 0.727892 -3.14179 
v -2.49185 0.584787 -2.44559 
v -2.65313 0.954791 -2.32891 
v -2.87498 1.0979 -3.0251 
v -2.49185 0.584787 -2.44559 
v 5.00237 -2.24977 -0.657673 
v 4.98913 -2.30297 -0.643308 
v 4.93736 -2.31512 -0.654438 
v 2.24632 1.36975 -2.54002 
v 2.41408 1.4927 -3.1225 
v 2.11607 1.78298 -2.50417 
v 2.40067 1.06508 -3.20266 
v 2.24563 0.688184 -3.31491 
v 2.40067 1.06508 -3.20266 
v 2.2329 0.942132 -2.62018 
v 2.07787 0.565232 -2.73243 
v 2.24563 0.688184 -3.31491 
v 2.2329 0.942132 -2.62018 
v -0.893854 -2.96333 -3.84684 
v -0.994547 -2.41243 -3.73189 
v -0.212169 -2.41233 -3.7762 
v 0.473725 -2.41219 -3.81548 
v 0.391157 -2.99294 -3.93053 
v -2.30804 2.13025 -2.23285 
v -2.52989 2.27335 -2.92904 
v -2.55365 1.79119 -2.21377 
v 0.892468 -7.75542 -3.56174 
v 0.876516 -5.22839 -3.41537 
v 1.23731 -7.75536 -3.57814 
v -1.78733 -7.75584 -3.43427 
v -1.61806 -5.22956 -3.29587 
v -1.41769 -5.22889 -3.30661 
v 0.876516 -5.22839 -3.41537 
v 1.13398 -5.22893 -3.42903 
v 1.23731 -7.75536 -3.57814 
v -0.189498 -7.75559 -3.51028 
v -0.159625 -5.22678 -3.3657 
v 0.523903 -7.75547 -3.54421 
v -1.2882 -7.75576 -3.45802 
v 0.601337 -5.22782 -3.40078 
v 0.892468 -7.75542 -3.56174 
v 0.876516 -5.22839 -3.41537 
v 0.52031 -4.05433 -3.29979 
v 0.838272 -4.17738 -3.31364 
v -0.163277 -3.97875 -3.26339 
v -1.11797 -5.22827 -3.31676 
v -1.53074 -7.7558 -3.44648 
v -0.986487 -4.03889 -3.21664 
v -1.41769 -5.22889 -3.30661 
v -1.78733 -7.75584 -3.43427 
v -1.33938 -4.15209 -3.20572 
v 1.37752 2.03814 -3.31232 
v 1.17307 1.96807 -3.38421 
v 0.968256 2.37707 -3.38483 
v 1.52032 1.9558 -2.99283 
v 1.30227 1.98357 -3.05123 
v 1.97257 0.419381 -3.44217 
v 2.24563 0.688184 -3.31491 
v 2.07787 0.565232 -2.73243 
v 1.80481 0.296432 -2.85969 
v 1.97257 0.419381 -3.44217 
v 2.07787 0.565232 -2.73243 
v 2.28383 1.90594 -3.08665 
v 2.02975 2.24187 -3.10056 
v 1.86199 2.11892 -2.51808 
v 2.11607 1.78298 -2.50417 
v 2.28383 1.90594 -3.08665 
v 1.86199 2.11892 -2.51808 
v -4.97971 -2.31672 -0.0953656 
v -5.03166 -2.30466 -0.0785006 
v -5.04338 -2.25165 -0.0916826 
v -2.7137 0.727892 -3.14179 
v -2.43739 0.467845 -3.27599 
v -2.21555 0.32474 -2.5798 
v -2.49185 0.584787 -2.44559 
v -2.7137 0.727892 -3.14179 
v -2.21555 0.32474 -2.5798 
v 0.730866 -0.652765 -4.16777 
v 0.914613 -2.31874 -4.61154 
v 0.699758 -0.65299 -4.23826 
v 0.699256 -0.366594 -4.18118 
v -0.163277 -3.97875 -3.26339 
v -0.986487 -4.03889 -3.21664 
v -0.169753 -2.88406 -3.17365 
v -0.163277 -3.97875 -3.26339 
v -0.169753 -2.88406 -3.17365 
v 0.52031 -4.05433 -3.29979 
v -0.169753 -2.88406 -3.17365 
v 0.42057 -3.02503 -3.21121 
v 0.52031 -4.05433 -3.29979 
v 0.52031 -4.05433 -3.29979 
v 0.838272 -4.17738 -3.31364 
v 2.72007 2.49898 -2.1099 
v 2.66806 2.52292 -2.95274 
v 2.68984 2.55643 -2.94188 
v 2.66261 2.526 -3.04935 
v 2.68984 2.55643 -2.94188 
v 2.66806 2.52292 -2.95274 
v -0.209212 -2.85432 -3.89281 
v -0.212169 -2.41233 -3.7762 
v 0.391157 -2.99294 -3.93053 
v -0.209212 -2.85432 -3.89281 
v -0.893854 -2.96333 -3.84684 
v -0.212169 -2.41233 -3.7762 
v 0.42057 -3.02503 -3.21121 
v 0.766876 -3.2555 -3.2244 
v 0.838272 -4.17738 -3.31364 
v 0.838272 -4.17738 -3.31364 
v 0.766876 -3.2555 -3.2244 
v 1.09228 -4.39287 -3.32659 
v -0.986487 -4.03889 -3.21664 
v -1.33938 -4.15209 -3.20572 
v -0.842454 -2.99565 -3.12882 
v -0.986487 -4.03889 -3.21664 
v -0.842454 -2.99565 -3.12882 
v -0.169753 -2.88406 -3.17365 
v -1.97538 2.34399 -2.30183 
v -2.19723 2.48709 -2.99803 
v -2.30804 2.13025 -2.23285 
v -2.19723 2.48709 -2.99803 
v -2.52989 2.27335 -2.92904 
v -2.30804 2.13025 -2.23285 
v -1.33938 -4.15209 -3.20572 
v -1.56959 -4.39357 -3.19417 
v -1.23197 -3.2076 -3.11723 
v 0.876516 -5.22839 -3.41537 
v 0.838272 -4.17738 -3.31364 
v 1.13398 -5.22893 -3.42903 
v -1.41769 -5.22889 -3.30661 
v -1.61806 -5.22956 -3.29587 
v -1.33938 -4.15209 -3.20572 
v -1.33938 -4.15209 -3.20572 
v -1.23197 -3.2076 -3.11723 
v -0.842454 -2.99565 -3.12882 
v 0.766876 -3.2555 -3.2244 
v 1.00927 -3.65953 -3.23674 
v 1.09228 -4.39287 -3.32659 
v 0.838272 -4.17738 -3.31364 
v 1.09228 -4.39287 -3.32659 
v 1.13398 -5.22893 -3.42903 
v -1.61806 -5.22956 -3.29587 
v -1.56959 -4.39357 -3.19417 
v -1.33938 -4.15209 -3.20572 
v -1.56959 -4.39357 -3.19417 
v -1.48167 -3.66029 -3.10497 
v -1.23197 -3.2076 -3.11723 
v 1.86199 2.11892 -2.51808 
v 2.02975 2.24187 -3.10056 
v 1.52275 2.32643 -2.57963 
v 1.62306 0.299602 -3.56506 
v 1.97257 0.419381 -3.44217 
v 1.80481 0.296432 -2.85969 
v 1.4553 0.17665 -2.98258 
v 1.62306 0.299602 -3.56506 
v 1.80481 0.296432 -2.85969 
v -2.43739 0.467845 -3.27599 
v -2.08813 0.357347 -3.40728 
v -1.86628 0.214242 -2.71109 
v -2.21555 0.32474 -2.5798 
v -2.43739 0.467845 -3.27599 
v -1.86628 0.214242 -2.71109 
v 0.74054 -3.22219 -3.94368 
v 0.985807 -3.62507 -3.95599 
v 0.766876 -3.2555 -3.2244 
v 0.914613 -2.31874 -4.61154 
v 0.91896 -2.37394 -4.63156 
v 0.883592 -2.28596 -4.70265 
v 0.699758 -0.65299 -4.23826 
v 0.985807 -3.62507 -3.95599 
v 1.00927 -3.65953 -3.23674 
v 0.766876 -3.2555 -3.2244 
v -1.28792 -3.17405 -3.83479 
v -1.23197 -3.2076 -3.11723 
v -1.54243 -3.62544 -3.82205 
v -1.23197 -3.2076 -3.11723 
v -1.48167 -3.66029 -3.10497 
v -1.54243 -3.62544 -3.82205 
v -4.73331 1.96798 -0.0969466 
v -4.66967 1.96704 -0.130739 
v -4.87155 0.2967 -0.128881 
v -4.6595 2.03283 -0.101615 
v -1.82818 2.54296 -3.10641 
v -2.19723 2.48709 -2.99803 
v -1.97538 2.34399 -2.30183 
v -1.60633 2.39986 -2.41022 
v -1.82818 2.54296 -3.10641 
v -1.97538 2.34399 -2.30183 
v -4.93646 0.296867 -0.0957926 
v -4.87155 0.2967 -0.128881 
v -4.81336 -0.185969 -0.128157 
v -4.97852 -2.25022 -0.124707 
v -4.97971 -2.31672 -0.0953656 
v -5.04338 -2.25165 -0.0916826 
v -5.04338 -2.25165 -0.0916826 
v -4.97529 -0.55994 -0.0945816 
v -4.97529 -0.55994 -0.0945816 
v -4.91039 -0.559638 -0.127651 
v -4.97852 -2.25022 -0.124707 
v 4.68592 2.03463 -0.646932 
v 4.73892 2.02258 -0.636248 
v 4.75941 1.96923 -0.650736 
v -4.93646 0.296867 -0.0957926 
v -4.73331 1.96798 -0.0969466 
v -4.87155 0.2967 -0.128881 
v -4.6501 2.0594 -0.0311246 
v -4.53364 2.04219 1.24744 
v -3.51697 2.04448 -0.196854 
v -3.43348 2.03544 1.27874 
v -3.51697 2.04448 -0.196854 
v -4.6501 2.0594 -0.0311246 
v -4.60475 2.01578 1.25155 
v -4.72006 2.03372 -0.0266176 
v -1.10735 -0.366766 -4.00464 
v -1.14412 -0.372633 -3.40402 
v -1.10899 0.0429707 -3.91265 
v -1.29266 -1.27454 -4.24858 
v -1.08553 0.0429754 -3.98618 
v -0.866379 2.49331 -3.36138 
v -1.08387 -0.366882 -4.07819 
v -1.10735 -0.366766 -4.00464 
v -1.26917 -1.27474 -4.32215 
v -1.29266 -1.27454 -4.24858 
v -1.48435 -2.28637 -4.57165 
v -1.5079 -2.28568 -4.49798 
v -4.87826 -0.186082 -0.0950796 
v -4.93646 0.296867 -0.0957926 
v -4.81336 -0.185969 -0.128157 
v -4.91039 -0.559638 -0.127651 
v -4.97529 -0.55994 -0.0945816 
v -4.87826 -0.186082 -0.0950796 
v 1.69051 2.44938 -3.16211 
v 1.31776 2.49685 -3.26193 
v 1.15 2.3739 -2.67945 
v 1.52275 2.32643 -2.57963 
v 1.69051 2.44938 -3.16211 
v 1.15 2.3739 -2.67945 
v 0.729464 -0.0240893 -3.50927 
v 0.640887 0.0432434 -3.9489 
v 0.377715 2.40219 -3.12473 
v 4.47478 2.04338 0.966398 
v 4.67302 2.06089 -0.575686 
v 3.33158 2.03658 1.1324 
v 3.45684 2.04573 -0.588017 
v 4.68592 2.03463 -0.646932 
v 3.45684 2.04573 -0.588017 
v -4.73331 1.96798 -0.0969466 
v -4.71333 2.02101 -0.0842016 
v -4.6595 2.03283 -0.101615 
v 1.25031 0.347075 -3.66488 
v 1.62306 0.299602 -3.56506 
v 1.4553 0.17665 -2.98258 
v 1.08255 0.224124 -3.0824 
v 1.25031 0.347075 -3.66488 
v 1.4553 0.17665 -2.98258 
v 0.73038 -0.36646 -4.04677 
v 0.640887 0.0432434 -3.9489 
v 0.729464 -0.0240893 -3.50927 
v 0.73038 -0.36646 -4.04677 
v 0.730866 -0.652765 -4.16777 
v 0.699256 -0.366594 -4.18118 
v 0.609742 0.0432396 -4.08329 
v 0.640887 0.0432434 -3.9489 
v 0.355515 2.48336 -3.43222 
v 0.729464 -0.0240893 -3.50927 
v 0.6965 -2.40948 -3.82983 
v -2.08813 0.357347 -3.40728 
v -1.71908 0.413218 -3.51567 
v -1.49723 0.270114 -2.81948 
v -1.86628 0.214242 -2.71109 
v -2.08813 0.357347 -3.40728 
v -1.49723 0.270114 -2.81948 
v 0.729464 -0.0240893 -3.50927 
v 0.730866 -0.652765 -4.16777 
v 0.73038 -0.36646 -4.04677 
v -4.6595 2.03283 -0.101615 
v -4.6501 2.0594 -0.0311246 
v -3.51697 2.04448 -0.196854 
v -4.6595 2.03283 -0.101615 
v -4.72006 2.03372 -0.0266176 
v -0.866379 2.49331 -3.36138 
v -1.10899 0.0429707 -3.91265 
v -1.14412 -0.372633 -3.40402 
v -1.47892 2.43247 -3.2377 
v -1.82818 2.54296 -3.10641 
v -1.60633 2.39986 -2.41022 
v -1.25707 2.28936 -2.54151 
v -1.47892 2.43247 -3.2377 
v -1.60633 2.39986 -2.41022 
v -1.29266 -1.27454 -4.24858 
v -1.5079 -2.28568 -4.49798 
v -1.14412 -0.372633 -3.40402 
v -3.12144 2.552 -2.75443 
v -3.08612 2.51752 -2.76658 
v -2.99607 2.49813 -1.83851 
v -0.855528 2.4919 -3.05451 
v -0.866379 2.49331 -3.36138 
v -1.14412 -0.372633 -3.40402 
v 1.31776 2.49685 -3.26193 
v 0.968256 2.37707 -3.38483 
v 0.800493 2.25412 -2.80235 
v 1.15 2.3739 -2.67945 
v 1.31776 2.49685 -3.26193 
v 0.800493 2.25412 -2.80235 
v -3.08612 2.51752 -2.76658 
v -3.12144 2.552 -2.75443 
v -3.10525 2.52592 -2.85996 
v 4.93899 -2.24847 -0.683991 
v 4.93736 -2.31512 -0.654438 
v 3.94251 -2.31818 -0.621085 
v -4.97971 -2.31672 -0.0953656 
v -4.97852 -2.25022 -0.124707 
v -4.00291 -2.31943 -0.174291 
v 0.911074 0.554578 -3.72643 
v 1.25031 0.347075 -3.66488 
v 1.08255 0.224124 -3.0824 
v 0.743312 0.431627 -3.14395 
v 0.911074 0.554578 -3.72643 
v 1.08255 0.224124 -3.0824 
v -1.40518 1.40571 -3.42762 
v -1.31925 1.3505 -3.158 
v -1.41788 1.65353 -3.38 
v -1.39014 1.10904 -3.17774 
v -1.31925 1.3505 -3.158 
v -1.33195 1.59832 -3.11038 
v -1.41788 1.65353 -3.38 
v -1.71908 0.413218 -3.51567 
v -1.38642 0.626955 -3.58465 
v -1.16457 0.48385 -2.88846 
v -1.49723 0.270114 -2.81948 
v -1.71908 0.413218 -3.51567 
v -1.16457 0.48385 -2.88846 
v -2.10369 2.6012 -3.45292 
v -2.45992 2.53083 -3.25713 
v -2.11816 2.66308 -3.48989 
v -2.41398 2.50185 -3.19794 
v -1.47607 1.16425 -3.44735 
v -1.39014 1.10904 -3.17774 
v -1.40518 1.40571 -3.42762 
v 1.55686 2.49849 -3.6165 
v 0.355515 2.48336 -3.43222 
v 0.340415 2.49678 -3.81776 
v 1.55349 2.52558 -3.66373 
v 0.640887 0.0432434 -3.9489 
v 0.377715 2.40219 -3.12473 
v -3.06078 2.49811 -2.81173 
v -3.10219 2.52592 -2.86236 
v -2.45992 2.53083 -3.25713 
v -3.10336 2.52784 -2.8634 
v -3.04575 2.58643 -2.96829 
v -2.45992 2.53083 -3.25713 
v 0.922633 1.59034 -3.52432 
v 0.847382 1.53577 -3.26323 
v 0.914785 1.34019 -3.57121 
v 0.914785 1.34019 -3.57121 
v 0.839534 1.28562 -3.31012 
v 0.990979 1.09845 -3.59219 
v 0.847382 1.53577 -3.26323 
v 0.914785 1.34019 -3.57121 
v -1.20261 2.17242 -3.37191 
v -1.47892 2.43247 -3.2377 
v -1.25707 2.28936 -2.54151 
v -0.980764 2.02931 -2.67572 
v -1.20261 2.17242 -3.37191 
v -1.25707 2.28936 -2.54151 
v -3.06078 2.49811 -2.81173 
v -3.08612 2.51752 -2.76658 
v -3.10219 2.52592 -2.86236 
v 0.800493 2.25412 -2.80235 
v 0.968256 2.37707 -3.38483 
v 0.527434 1.98532 -2.92961 
v 0.968256 2.37707 -3.38483 
v 0.695197 2.10827 -3.51209 
v 0.527434 1.98532 -2.92961 
v -1.33195 1.59832 -3.11038 
v -1.42629 1.81477 -3.04212 
v -1.51222 1.86998 -3.31174 
v -1.41788 1.65353 -3.38 
v -1.33195 1.59832 -3.11038 
v -1.51222 1.86998 -3.31174 
v 1.01333 1.81082 -3.45866 
v 0.938078 1.75625 -3.19756 
v 0.922633 1.59034 -3.52432 
v 0.938078 1.75625 -3.19756 
v 0.847382 1.53577 -3.26323 
v 0.922633 1.59034 -3.52432 
v -1.53382 0.910696 -3.16658 
v -1.39014 1.10904 -3.17774 
v -1.47607 1.16425 -3.44735 
v -1.61975 0.965905 -3.43619 
v -1.53382 0.910696 -3.16658 
v -1.47607 1.16425 -3.44735 
v -2.99607 2.49813 -1.83851 
v -3.08612 2.51752 -2.76658 
v -3.06078 2.49811 -2.81173 
v 0.65699 0.890518 -3.74034 
v 0.911074 0.554578 -3.72643 
v 0.743312 0.431627 -3.14395 
v 0.489227 0.767569 -3.15786 
v 0.65699 0.890518 -3.74034 
v 0.743312 0.431627 -3.14395 
v 0.990979 1.09845 -3.59219 
v 0.915727 1.04388 -3.33109 
v 1.13962 0.901932 -3.58405 
v 0.839534 1.28562 -3.31012 
v 0.990979 1.09845 -3.59219 
v 2.66806 2.52292 -2.95274 
v 2.62435 2.49894 -2.99672 
v 2.66261 2.526 -3.04935 
v 2.62435 2.49894 -2.99672 
v 2.66806 2.52292 -2.95274 
v 2.72007 2.49898 -2.1099 
v -1.5079 -2.28568 -4.49798 
v -1.21888 -2.40982 -3.7091 
v -1.14412 -0.372633 -3.40402 
v 0.915727 1.04388 -3.33109 
v 1.06436 0.847362 -3.32295 
v 1.13962 0.901932 -3.58405 
v -1.38642 0.626955 -3.58465 
v -1.14081 0.966015 -3.60373 
v -0.918961 0.82291 -2.90754 
v -1.16457 0.48385 -2.88846 
v -1.38642 0.626955 -3.58465 
v -0.918961 0.82291 -2.90754 
v 0.527434 1.98532 -2.92961 
v 0.695197 2.10827 -3.51209 
v 0.372395 1.60842 -3.04186 
v 1.09781 1.9135 -3.12312 
v 0.938078 1.75625 -3.19756 
v 1.01333 1.81082 -3.45866 
v 1.17307 1.96807 -3.38421 
v 1.09781 1.9135 -3.12312 
v 1.01333 1.81082 -3.45866 
v 0.358978 1.1808 -3.12201 
v 0.526741 1.30375 -3.70449 
v 0.489227 0.767569 -3.15786 
v 0.526741 1.30375 -3.70449 
v 0.65699 0.890518 -3.74034 
v 0.489227 0.767569 -3.15786 
v -1.42629 1.81477 -3.04212 
v -1.58793 1.9669 -2.96361 
v -1.67386 2.02211 -3.23323 
v -1.51222 1.86998 -3.31174 
v -1.42629 1.81477 -3.04212 
v -1.67386 2.02211 -3.23323 
v -1.04133 1.80241 -3.48859 
v -1.20261 2.17242 -3.37191 
v -0.980764 2.02931 -2.67572 
v -0.819483 1.65931 -2.7924 
v -1.04133 1.80241 -3.48859 
v -0.980764 2.02931 -2.67572 
v 0.695197 2.10827 -3.51209 
v 0.540157 1.73137 -3.62434 
v 0.372395 1.60842 -3.04186 
v 0.372395 1.60842 -3.04186 
v 0.358978 1.1808 -3.12201 
v 0.540157 1.73137 -3.62434 
v 0.526741 1.30375 -3.70449 
v 0.358978 1.1808 -3.12201 
v 0.91896 -2.37394 -4.63156 
v 0.914613 -2.31874 -4.61154 
v 0.6965 -2.40948 -3.82983 
v 0.730866 -0.652765 -4.16777 
v -1.72842 0.785663 -3.12622 
v -1.53382 0.910696 -3.16658 
v -1.61975 0.965905 -3.43619 
v -1.81435 0.840874 -3.39583 
v -1.72842 0.785663 -3.12622 
v -1.61975 0.965905 -3.43619 
v -0.918961 0.82291 -2.90754 
v -1.14081 0.966015 -3.60373 
v -0.797781 1.23568 -2.87381 
v -1.01963 1.37878 -3.57 
v -1.04133 1.80241 -3.48859 
v -0.819483 1.65931 -2.7924 
v -0.797781 1.23568 -2.87381 
v -1.01963 1.37878 -3.57 
v -0.819483 1.65931 -2.7924 
v -1.14081 0.966015 -3.60373 
v -1.5079 -2.28568 -4.49798 
v -1.51394 -2.37472 -4.49777 
v -1.21888 -2.40982 -3.7091 
v -4.66967 1.96704 -0.130739 
v -4.6595 2.03283 -0.101615 
v -3.51697 2.04448 -0.196854 
v 1.06436 0.847362 -3.32295 
v 1.26281 0.725975 -3.28695 
v 1.33807 0.780545 -3.54804 
v 1.13962 0.901932 -3.58405 
v 1.06436 0.847362 -3.32295 
v 1.33807 0.780545 -3.54804 
v 1.30227 1.98357 -3.05123 
v 1.09781 1.9135 -3.12312 
v 1.17307 1.96807 -3.38421 
v 1.37752 2.03814 -3.31232 
v 1.30227 1.98357 -3.05123 
v 1.17307 1.96807 -3.38421 
v -1.58793 1.9669 -2.96361 
v -1.79224 2.03154 -2.88681 
v -1.87817 2.08675 -3.15643 
v -1.67386 2.02211 -3.23323 
v -1.58793 1.9669 -2.96361 
v -1.87817 2.08675 -3.15643 
v -1.94431 0.752979 -3.06281 
v -1.72842 0.785663 -3.12622 
v -1.81435 0.840874 -3.39583 
v -2.03024 0.808189 -3.33243 
v -1.94431 0.752979 -3.06281 
v -1.81435 0.840874 -3.39583 
v 1.26281 0.725975 -3.28695 
v 1.48087 0.698204 -3.22855 
v 1.55612 0.752773 -3.48965 
v 1.33807 0.780545 -3.54804 
v 1.26281 0.725975 -3.28695 
v 1.55612 0.752773 -3.48965 
v -1.54243 -3.62544 -3.82205 
v -1.48167 -3.66029 -3.10497 
v -1.56959 -4.39357 -3.19417 
v -1.62762 -4.36212 -3.9119 
v -1.54243 -3.62544 -3.82205 
v -1.56959 -4.39357 -3.19417 
v 4.93899 -2.24847 -0.683991 
v 3.94251 -2.31818 -0.621085 
v 4.98054 -0.926301 -0.681111 
v 4.93899 -2.24847 -0.683991 
v 5.00237 -2.24977 -0.657673 
v 5.00237 -2.24977 -0.657673 
v 4.93736 -2.31512 -0.654438 
v 5.04397 -0.956894 -0.654777 
v 5.00237 -2.24977 -0.657673 
v 4.84435 -0.175998 -0.680452 
v 4.90779 -0.220598 -0.654126 
v 3.94251 -2.31818 -0.621085 
v 3.68601 0.14497 -0.612766 
v 4.84435 -0.175998 -0.680452 
v 4.9392 0.449841 -0.679383 
v 4.84435 -0.175998 -0.680452 
v 5.00266 0.450003 -0.652954 
v 4.69802 1.96832 -0.676902 
v 3.45684 2.04573 -0.588017 
v 4.69802 1.96832 -0.676902 
v 4.75941 1.96923 -0.650736 
v 4.68592 2.03463 -0.646932 
v 4.75941 1.96923 -0.650736 
v 4.68592 2.03463 -0.646932 
v 3.45684 2.04573 -0.588017 
v 1.59558 2.01037 -3.25393 
v 1.52032 1.9558 -2.99283 
v 1.37752 2.03814 -3.31232 
v -4.81336 -0.185969 -0.128157 
v -4.87155 0.2967 -0.128881 
v -3.78275 -0.240563 -0.191906 
v 1.06402 -4.36172 -4.04598 
v 1.09228 -4.39287 -3.32659 
v 0.985807 -3.62507 -3.95599 
v 1.00927 -3.65953 -3.23674 
v 0.985807 -3.62507 -3.95599 
v -4.66967 1.96704 -0.130739 
v -3.51697 2.04448 -0.196854 
v -4.87155 0.2967 -0.128881 
v -3.78275 -0.240563 -0.191906 
v -4.91039 -0.559638 -0.127651 
v -4.81336 -0.185969 -0.128157 
v -3.78275 -0.240563 -0.191906 
v -4.00291 -2.31943 -0.174291 
v -4.91039 -0.559638 -0.127651 
v -3.51697 2.04448 -0.196854 
v -3.78275 -0.240563 -0.191906 
v -4.87155 0.2967 -0.128881 
v 0.377715 2.40219 -3.12473 
v 0.355515 2.48336 -3.43222 
v 1.73954 2.49884 -2.70656 
v -4.00291 -2.31943 -0.174291 
v -4.97852 -2.25022 -0.124707 
v -4.91039 -0.559638 -0.127651 
v -1.79224 2.03154 -2.88681 
v -2.00813 1.99885 -2.82341 
v -2.09406 2.05406 -3.09302 
v -1.87817 2.08675 -3.15643 
v -1.79224 2.03154 -2.88681 
v -2.09406 2.05406 -3.09302 
v -1.16674 -5.65695 -3.75148 
v -1.25114 -5.80314 -3.75148 
v -1.27726 -5.80314 -3.65402 
v -1.17979 -5.63433 -3.65402 
v -1.13106 -5.71874 -3.82283 
v -1.17979 -5.80314 -3.82283 
v -1.08233 -5.80314 -3.84894 
v -1.67171 -5.202 -4.01433 
v -1.61806 -5.22956 -3.29587 
v -1.83044 -7.73556 -4.15413 
v -1.78733 -7.75584 -3.43427 
v -1.83044 -7.73556 -4.15413 
v -2.07722 2.5697 -3.39903 
v -0.892836 2.49734 -3.74767 
v -0.866379 2.49331 -3.36138 
v -2.07722 2.5697 -3.39903 
v -0.89503 2.52589 -3.80809 
v -2.10369 2.6012 -3.45292 
v -0.893338 2.58839 -3.88498 
v -2.14862 0.817619 -2.98601 
v -1.94431 0.752979 -3.06281 
v -2.03024 0.808189 -3.33243 
v -2.23456 0.872828 -3.25563 
v -2.14862 0.817619 -2.98601 
v -2.03024 0.808189 -3.33243 
v -1.56959 -4.39357 -3.19417 
v -1.61806 -5.22956 -3.29587 
v -1.67171 -5.202 -4.01433 
v -1.62762 -4.36212 -3.9119 
v -1.56959 -4.39357 -3.19417 
v -1.67171 -5.202 -4.01433 
v 1.48087 0.698204 -3.22855 
v 1.68533 0.768273 -3.15666 
v 1.76058 0.822845 -3.41776 
v 1.55612 0.752773 -3.48965 
v 1.48087 0.698204 -3.22855 
v 1.76058 0.822845 -3.41776 
v 1.71877 1.83441 -2.95683 
v 1.52032 1.9558 -2.99283 
v 1.59558 2.01037 -3.25393 
v 1.79403 1.88898 -3.21792 
v 1.71877 1.83441 -2.95683 
v 1.59558 2.01037 -3.25393 
v 1.13398 -5.22893 -3.42903 
v 1.09228 -4.39287 -3.32659 
v 1.06402 -4.36172 -4.04598 
v 1.10074 -5.20156 -4.14858 
v 1.13398 -5.22893 -3.42903 
v 1.06402 -4.36172 -4.04598 
v 1.23731 -7.75536 -3.57814 
v 1.13398 -5.22893 -3.42903 
v 1.10074 -5.20156 -4.14858 
v 1.1942 -7.73508 -4.29799 
v 1.23731 -7.75536 -3.57814 
v -2.00813 1.99885 -2.82341 
v -2.20273 1.87382 -2.78305 
v -2.28866 1.92903 -3.05267 
v -2.09406 2.05406 -3.09302 
v -2.00813 1.99885 -2.82341 
v -2.28866 1.92903 -3.05267 
v -3.08612 2.51752 -2.76658 
v -3.10525 2.52592 -2.85996 
v -3.10219 2.52592 -2.86236 
v -3.10336 2.52784 -2.8634 
v -2.31026 0.969744 -2.9075 
v -2.14862 0.817619 -2.98601 
v -2.23456 0.872828 -3.25563 
v -2.39619 1.02495 -3.17712 
v -2.31026 0.969744 -2.9075 
v -2.23456 0.872828 -3.25563 
v 1.68533 0.768273 -3.15666 
v 1.84506 0.925521 -3.08222 
v 1.92031 0.980089 -3.34331 
v 1.76058 0.822845 -3.41776 
v 1.68533 0.768273 -3.15666 
v 1.92031 0.980089 -3.34331 
v 1.86741 1.63789 -2.94869 
v 1.71877 1.83441 -2.95683 
v 1.79403 1.88898 -3.21792 
v 1.94266 1.69246 -3.20979 
v 1.86741 1.63789 -2.94869 
v 1.79403 1.88898 -3.21792 
v -2.07171 2.49825 -2.61334 
v -2.07722 2.5697 -3.39903 
v -0.855528 2.4919 -3.05451 
v -3.06078 2.49811 -2.81173 
v -2.41398 2.50185 -3.19794 
v -2.07171 2.49825 -2.61334 
v -2.45992 2.53083 -3.25713 
v -2.28866 1.92903 -3.05267 
v -2.20273 1.87382 -2.78305 
v -2.43234 1.73068 -3.0415 
v -2.20273 1.87382 -2.78305 
v -2.34641 1.67547 -2.77189 
v -2.43234 1.73068 -3.0415 
v 1.55686 2.49849 -3.6165 
v 2.62435 2.49894 -2.99672 
v 2.72007 2.49898 -2.1099 
v 2.66261 2.526 -3.04935 
v 1.9436 1.39615 -2.96966 
v 1.86741 1.63789 -2.94869 
v 1.94266 1.69246 -3.20979 
v 1.84506 0.925521 -3.08222 
v 1.93576 1.146 -3.01655 
v 2.01101 1.20057 -3.27765 
v 1.92031 0.980089 -3.34331 
v 1.84506 0.925521 -3.08222 
v 2.01101 1.20057 -3.27765 
v -2.07722 2.5697 -3.39903 
v -0.866379 2.49331 -3.36138 
v -0.855528 2.4919 -3.05451 
v 2.01886 1.45072 -3.23076 
v 1.9436 1.39615 -2.96966 
v 1.94266 1.69246 -3.20979 
v 1.93576 1.146 -3.01655 
v -2.40461 1.18619 -2.83924 
v -2.31026 0.969744 -2.9075 
v -2.39619 1.02495 -3.17712 
v 0.355515 2.48336 -3.43222 
v 1.55686 2.49849 -3.6165 
v 1.73954 2.49884 -2.70656 
v -0.220721 2.49138 -3.40164 
v -0.866379 2.49331 -3.36138 
v -0.892836 2.49734 -3.74767 
v 2.01101 1.20057 -3.27765 
v 1.93576 1.146 -3.01655 
v 2.01886 1.45072 -3.23076 
v -2.99607 2.49813 -1.83851 
v -3.06078 2.49811 -2.81173 
v -2.07171 2.49825 -2.61334 
v 1.73954 2.49884 -2.70656 
v 1.55686 2.49849 -3.6165 
v 2.72007 2.49898 -2.1099 
v -2.41398 2.50185 -3.19794 
v -2.07722 2.5697 -3.39903 
v -2.07171 2.49825 -2.61334 
v -2.10369 2.6012 -3.45292 
v -2.49054 1.2414 -3.10886 
v -2.40461 1.18619 -2.83924 
v -2.39619 1.02495 -3.17712 
v -2.4173 1.43401 -2.79162 
v -2.49054 1.2414 -3.10886 
v -2.43234 1.73068 -3.0415 
v -2.34641 1.67547 -2.77189 
v -2.50323 1.48922 -3.06124 
v -2.34641 1.67547 -2.77189 
v -2.4173 1.43401 -2.79162 
v -2.50323 1.48922 -3.06124 
v -2.50323 1.48922 -3.06124 
v -2.4173 1.43401 -2.79162 
v -2.49054 1.2414 -3.10886 
v -0.913522 -5.80314 -3.75148 
v -0.997927 -5.65695 -3.75148 
v -0.984869 -5.63433 -3.65402 
v -0.887407 -5.80314 -3.65402 
v -0.984869 -5.80314 -3.82283 
v -1.0336 -5.71874 -3.82283 
v -1.08233 -5.80314 -3.84894 
v -0.984869 -5.63433 -3.65402 
v -0.997927 -5.65695 -3.75148 
v -1.17979 -5.63433 -3.65402 
v -1.16674 -5.65695 -3.75148 
v -1.0336 -5.71874 -3.82283 
v -1.13106 -5.71874 -3.82283 
v -1.08233 -5.80314 -3.84894 

vn -0.0393701 0.929134 0.362205 
vn 0.0551181 0.291339 0.952756 
vn 0.133858 0.866142 0.480315 
vn -0.0393701 0.929134 0.362205 
vn -0.15748 0.84252 0.511811 
vn -0.181102 0.338583 0.92126 
vn 0.0551181 0.291339 0.952756 
vn -0.0393701 0.929134 0.362205 
vn 0.283465 0.88189 0.385827 
vn 0.543307 0.362205 0.755906 
vn 0.496063 0.779528 0.385827 
vn -0.409449 -0.755906 -0.503937 
vn 0.448819 -0.732283 -0.503937 
vn 0.314961 -0.913386 -0.251969 
vn -0.629921 -0.732283 -0.251969 
vn -0.19685 -0.503937 -0.84252 
vn 0.338583 -0.425197 -0.84252 
vn 0 0 -1 
vn 0.897638 0.354331 0.267717 
vn 0.409449 0.897638 0.141732 
vn 0.755906 0.362205 0.543307 
vn -0.401575 0.858268 0.322835 
vn -0.417323 0.905512 0.102362 
vn -0.88189 0.370079 0.299213 
vn 0.0551181 0.291339 0.952756 
vn 0.267717 0.267717 0.929134 
vn 0.133858 0.866142 0.480315 
vn -0.00787402 1 0.015748 
vn 0.425197 0.905512 0 
vn 0.338583 0.92126 -0.204724 
vn -0.417323 0.811024 -0.401575 
vn -0.393701 0.897638 -0.181102 
vn -0.133858 0.929134 -0.338583 
vn 0.204724 0.92126 -0.330709 
vn -0.015748 1 -0.015748 
vn 0.314961 0.874016 -0.370079 
vn 0.338583 0.92126 -0.204724 
vn 0.314961 0.874016 -0.370079 
vn 0.023622 1 0.0393701 
vn 0.110236 0.929134 -0.346457 
vn 0.204724 0.92126 -0.330709 
vn -0.023622 1 0.0629921 
vn -0.110236 0.858268 -0.503937 
vn -0.102362 0.968504 -0.228346 
vn 0 1 0.00787402 
vn 0 1 0 
vn -0.00787402 1 0.015748 
vn 0.338583 0.92126 -0.204724 
vn 0 1 -0.023622 
vn -0.00787402 1 0 
vn -0.102362 0.968504 -0.228346 
vn 0.0472441 1 0.0314961 
vn -0.133858 0.929134 -0.338583 
vn -0.393701 0.897638 -0.181102 
vn -0.393701 0.897638 -0.181102 
vn -0.307087 0.952756 -0.023622 
vn 0.00787402 1 -0.00787402 
vn 0.015748 1 -0.023622 
vn 0.409449 0.897638 0.141732 
vn 0.425197 0.905512 0 
vn 0.015748 1 -0.023622 
vn -0.307087 0.952756 -0.023622 
vn -0.417323 0.905512 0.102362 
vn 0.023622 1 -0.015748 
vn -0.417323 0.905512 0.102362 
vn -0.417323 0.905512 0.102362 
vn -0.401575 0.858268 0.322835 
vn 0.00787402 1 -0.015748 
vn -0.220472 0.905512 0.354331 
vn -0.401575 0.858268 0.322835 
vn -0.0393701 0.929134 0.362205 
vn -0.15748 0.84252 0.511811 
vn -0.0393701 0.929134 0.362205 
vn -0.220472 0.905512 0.354331 
vn -0.00787402 1 -0.0393701 
vn 0.133858 0.866142 0.480315 
vn 0.015748 1 -0.023622 
vn 0.425197 0.905512 0 
vn 0.133858 0.866142 0.480315 
vn 0.283465 0.88189 0.385827 
vn 0.409449 0.897638 0.141732 
vn 0.496063 0.779528 0.385827 
vn 0.133858 0.866142 0.480315 
vn 0.267717 0.267717 0.929134 
vn 0.283465 0.88189 0.385827 
vn 0.76378 0.417323 -0.488189 
vn 0.338583 0.92126 -0.204724 
vn 0.913386 0.385827 -0.125984 
vn -0.88189 0.472441 -0.0393701 
vn -0.307087 0.952756 -0.023622 
vn -0.393701 0.897638 -0.181102 
vn 0.338583 0.92126 -0.204724 
vn 0.425197 0.905512 0 
vn 0.913386 0.385827 -0.125984 
vn 0.732283 -0.212598 0.645669 
vn 0.582677 -0.574803 0.574803 
vn 0.637795 -0.732283 0.228346 
vn -0.732283 -0.637795 0.23622 
vn -0.559055 -0.574803 0.598425 
vn -0.622047 -0.188976 0.755906 
vn 0.614173 0.440945 -0.661417 
vn 0.314961 0.874016 -0.370079 
vn 0.76378 0.417323 -0.488189 
vn 0.338583 0.92126 -0.204724 
vn -0.393701 0.897638 -0.181102 
vn -0.417323 0.811024 -0.401575 
vn -0.661417 0.440945 -0.614173 
vn 0.732283 -0.661417 -0.149606 
vn 0.582677 -0.598425 -0.551181 
vn 0.661417 -0.228346 -0.716535 
vn 0.204724 0.92126 -0.330709 
vn 0.314961 0.874016 -0.370079 
vn 0.614173 0.440945 -0.661417 
vn -0.535433 0.149606 0.826772 
vn -0.188976 0.11811 0.976378 
vn -0.173228 0.11811 0.976378 
vn -0.527559 0.102362 0.84252 
vn 0.110236 0.929134 -0.346457 
vn 0.204724 0.92126 -0.330709 
vn 0.385827 0.440945 -0.811024 
vn -0.952756 -0.11811 0.275591 
vn -0.732283 -0.637795 0.23622 
vn -0.622047 -0.188976 0.755906 
vn -0.677165 0.0944882 0.732283 
vn 0.92126 0.291339 0.267717 
vn 0.590551 0.299213 0.748031 
vn 0.637795 0.0866142 0.76378 
vn 0.661417 0.700787 0.267717 
vn 0.0944882 0.433071 -0.897638 
vn 0.110236 0.929134 -0.346457 
vn 0.385827 0.440945 -0.811024 
vn -0.700787 0.0551181 0.708661 
vn -0.700787 -0.00787402 0.716535 
vn -0.976378 0.0393701 0.212598 
vn -0.700787 0.0551181 0.708661 
vn -0.96063 0.141732 0.23622 
vn -0.677165 0.0944882 0.732283 
vn -0.677165 0.0944882 0.732283 
vn -0.952756 -0.11811 0.275591 
vn -0.700787 -0.00787402 0.716535 
vn -0.968504 0.0551181 0.251969 
vn -0.976378 0.0393701 0.212598 
vn -0.669291 0.299213 0.677165 
vn 0.661417 0.700787 0.267717 
vn 0.527559 0.622047 0.574803 
vn 0.590551 0.299213 0.748031 
vn -0.669291 0.299213 0.677165 
vn -0.913386 0.346457 0.228346 
vn -0.968504 0.0551181 0.251969 
vn -0.779528 -0.181102 -0.590551 
vn -0.622047 -0.574803 -0.535433 
vn -0.661417 -0.732283 -0.165354 
vn 0.0551181 0.0708661 0.992126 
vn 0.0551181 0.0708661 0.992126 
vn 0.251969 0.125984 0.96063 
vn 0.267717 0.0472441 0.96063 
vn 0.0551181 0.0708661 0.992126 
vn 0.251969 0.0866142 0.96063 
vn 0.0551181 0.0787402 0.992126 
vn 0.251969 0.0708661 0.968504 
vn 0.0551181 0.0708661 0.992126 
vn 0.251969 -0.0472441 0.968504 
vn 0.0551181 -0.0551181 1 
vn 0.251969 0.0472441 0.968504 
vn 0.0629921 0.0472441 1 
vn 0.259843 0.173228 0.952756 
vn 0.0629921 0.173228 0.984252 
vn 0.259843 0.173228 0.952756 
vn 0.267717 0.267717 0.929134 
vn 0.0551181 0.291339 0.952756 
vn -0.110236 0.858268 -0.503937 
vn 0.110236 0.929134 -0.346457 
vn 0.0944882 0.433071 -0.897638 
vn -0.0787402 0.346457 -0.937008 
vn -0.204724 0.519685 -0.826772 
vn -0.102362 0.968504 -0.228346 
vn -0.110236 0.858268 -0.503937 
vn -0.133858 0.929134 -0.338583 
vn -0.440945 0.448819 -0.771654 
vn 0.944882 -0.244094 0.204724 
vn 0.976378 -0.149606 -0.125984 
vn 0.976378 0 0.212598 
vn 0.732283 -0.661417 -0.149606 
vn 0.637795 -0.732283 0.228346 
vn 0.984252 0.0944882 -0.133858 
vn 0.984252 0.0944882 -0.133858 
vn 0.992126 0 -0.11811 
vn 0.944882 -0.244094 0.204724 
vn 0.732283 -0.212598 0.645669 
vn 0.637795 -0.732283 0.228346 
vn 0.692913 -0.015748 0.716535 
vn 0.968504 0.015748 0.244094 
vn 0.677165 0.015748 0.732283 
vn 0.968504 0.0629921 0.228346 
vn 0.968504 0.0629921 0.228346 
vn 0.637795 0.0866142 0.76378 
vn 0.92126 0.291339 0.267717 
vn 0.740157 0.0393701 -0.669291 
vn 0.984252 0.0944882 -0.133858 
vn 0.724409 -0.00787402 -0.692913 
vn 0.748031 0.0472441 -0.661417 
vn 0.740157 0.0393701 -0.669291 
vn 0.992126 0.0708661 -0.110236 
vn 0.740157 0.322835 -0.590551 
vn 0.740157 0.322835 -0.590551 
vn 0.929134 0.362205 -0.0393701 
vn 0.606299 0.787402 -0.110236 
vn 0.661417 -0.228346 -0.716535 
vn 0.976378 -0.149606 -0.125984 
vn 0.732283 -0.661417 -0.149606 
vn 0.748031 0.0472441 -0.661417 
vn 0.984252 0.0944882 -0.133858 
vn 0.992126 0.0708661 -0.110236 
vn 0.968504 0.0629921 0.228346 
vn 0.92126 0.291339 0.267717 
vn 0.929134 0.362205 -0.0393701 
vn 0.92126 0.291339 0.267717 
vn 0.661417 0.700787 0.267717 
vn 0.606299 0.787402 -0.110236 
vn 0.0551181 0.102362 0.992126 
vn 0.212598 0.102362 0.968504 
vn 0.220472 0.0866142 0.968504 
vn 0.0551181 0.0866142 0.992126 
vn 0.259843 0.0944882 0.96063 
vn 0.0551181 0.0629921 1 
vn 0.228346 0.0787402 0.968504 
vn 0.0551181 0.0866142 0.992126 
vn 0.228346 0.110236 0.968504 
vn 0.0551181 0.102362 0.992126 
vn 0.23622 -0.023622 0.968504 
vn 0.0551181 -0.11811 0.992126 
vn 0.251969 -0.00787402 0.968504 
vn -0.0787402 0.346457 -0.937008 
vn -0.204724 0.519685 -0.826772 
vn -0.110236 0.858268 -0.503937 
vn -0.448819 0.125984 0.88189 
vn -0.141732 -0.023622 0.992126 
vn -0.133858 0.125984 0.984252 
vn -0.464567 0.0551181 0.88189 
vn -0.11811 -0.00787402 0.992126 
vn -0.141732 -0.023622 0.992126 
vn -0.433071 0.102362 0.897638 
vn -0.11811 0.110236 0.984252 
vn -0.433071 0.15748 0.889764 
vn -0.417323 0.102362 0.897638 
vn -0.149606 0.102362 0.984252 
vn -0.11811 0.110236 0.984252 
vn -0.141732 -0.023622 0.992126 
vn 0.0551181 -0.11811 0.992126 
vn 0.0551181 0.0708661 0.992126 
vn 0.0551181 0.102362 0.992126 
vn -0.133858 0.125984 0.984252 
vn -0.11811 0.110236 0.984252 
vn 0.0551181 0.0708661 0.992126 
vn -0.165354 0.0551181 0.984252 
vn 0.0551181 0.0708661 0.992126 
vn 0.0551181 0.0866142 0.992126 
vn -0.15748 0.0787402 0.984252 
vn -0.149606 0.102362 0.984252 
vn 0.0551181 0.0787402 0.992126 
vn -0.0787402 0.0708661 0.992126 
vn -0.110236 0.0708661 0.992126 
vn 0.0551181 0.0629921 1 
vn 0.0551181 0.0708661 0.992126 
vn 0.0551181 0.102362 0.992126 
vn 0.0551181 -0.0551181 1 
vn -0.102362 0.0944882 0.992126 
vn 0.0551181 0.0866142 0.992126 
vn -0.0944882 0.0866142 0.992126 
vn -0.149606 -0.0551181 0.984252 
vn 0.0629921 0.0472441 1 
vn -0.188976 0.11811 0.976378 
vn 0.0629921 0.173228 0.984252 
vn -0.173228 0.11811 0.976378 
vn 0.0551181 0.291339 0.952756 
vn -0.181102 0.338583 0.92126 
vn -0.173228 0.11811 0.976378 
vn -0.417323 0.102362 0.897638 
vn -0.401575 0.0787402 0.913386 
vn -0.0787402 0.0708661 0.992126 
vn -0.149606 0.102362 0.984252 
vn -0.102362 0.0944882 0.992126 
vn -0.346457 0.0944882 0.929134 
vn -0.0944882 0.0866142 0.992126 
vn 0.637795 -0.732283 0.228346 
vn 0.582677 -0.574803 0.574803 
vn 0.267717 -0.692913 0.669291 
vn -0.669291 0.299213 0.677165 
vn -0.503937 0.629921 0.590551 
vn -0.582677 0.771654 0.244094 
vn -0.456693 0.0866142 0.889764 
vn -0.133858 0.125984 0.984252 
vn -0.165354 0.0551181 0.984252 
vn -0.448819 0.125984 0.88189 
vn -0.858268 -0.023622 -0.503937 
vn -0.409449 -0.755906 -0.503937 
vn -0.629921 -0.732283 -0.251969 
vn -0.952756 0.181102 -0.251969 
vn -0.535433 -0.0787402 -0.84252 
vn -0.19685 -0.503937 -0.84252 
vn 0 0 -1 
vn -0.204724 -0.692913 0.685039 
vn -0.559055 -0.574803 0.598425 
vn -0.732283 -0.637795 0.23622 
vn -0.913386 0.346457 0.228346 
vn -0.669291 0.299213 0.677165 
vn -0.582677 0.771654 0.244094 
vn 0.228346 0.0787402 0.968504 
vn 0.220472 0.0866142 0.968504 
vn 0.543307 0.0944882 0.834646 
vn 0.543307 0.110236 0.834646 
vn 0.228346 0.110236 0.968504 
vn 0.543307 0.110236 0.834646 
vn 0.527559 0.0472441 0.850394 
vn 0.23622 -0.023622 0.968504 
vn 0.228346 0.110236 0.968504 
vn 0.551181 0.0314961 0.834646 
vn 0.551181 0.0314961 0.834646 
vn 0.559055 0.149606 0.811024 
vn 0.251969 0.125984 0.96063 
vn 0.590551 0.0551181 0.811024 
vn 0.267717 0.0472441 0.96063 
vn 0.582677 0.0708661 0.811024 
vn 0.251969 0.125984 0.96063 
vn 0.251969 0.0866142 0.96063 
vn 0.582677 0.0708661 0.811024 
vn 0.574803 0.0787402 0.811024 
vn 0.251969 0.0708661 0.968504 
vn 0.598425 0.0393701 0.80315 
vn 0.251969 -0.0472441 0.968504 
vn 0.614173 0.00787402 0.787402 
vn 0.251969 0.0472441 0.968504 
vn 0.574803 0.165354 0.80315 
vn 0.259843 0.173228 0.952756 
vn 0.574803 0.165354 0.80315 
vn 0.543307 0.362205 0.755906 
vn 0.267717 0.267717 0.929134 
vn 0.283465 0.88189 0.385827 
vn 0.259843 0.173228 0.952756 
vn 0.543307 0.362205 0.755906 
vn 0.574803 0.165354 0.80315 
vn 0.826772 0.0472441 0.566929 
vn 0.755906 0.362205 0.543307 
vn 0.543307 0.362205 0.755906 
vn 0.496063 0.779528 0.385827 
vn 0.149606 -0.976378 0.15748 
vn 0.212598 -0.968504 -0.125984 
vn 0.637795 -0.732283 0.228346 
vn 0.267717 -0.692913 0.669291 
vn 0.732283 -0.661417 -0.149606 
vn 0.220472 -0.708661 -0.669291 
vn 0.212598 0.102362 0.968504 
vn 0.543307 0.0944882 0.834646 
vn 0.535433 0.102362 0.834646 
vn 0.259843 0.0944882 0.96063 
vn 0.598425 0.0944882 0.795276 
vn -0.511811 0.0787402 0.858268 
vn -0.165354 0.0551181 0.984252 
vn -0.15748 0.0787402 0.984252 
vn -0.456693 0.0866142 0.889764 
vn -0.984252 -0.165354 -0.0708661 
vn -0.661417 -0.732283 -0.165354 
vn -0.732283 -0.637795 0.23622 
vn -0.952756 -0.11811 0.275591 
vn -0.984252 -0.165354 -0.0708661 
vn -0.96063 0.141732 0.23622 
vn -0.503937 0.0629921 0.866142 
vn -0.511811 0.0787402 0.858268 
vn -0.15748 0.0787402 0.984252 
vn -0.110236 0.0708661 0.992126 
vn -0.503937 0.0787402 0.858268 
vn -0.149606 -0.0551181 0.984252 
vn -0.527559 0.102362 0.84252 
vn -0.188976 0.11811 0.976378 
vn -0.661417 -0.732283 -0.165354 
vn -0.149606 -0.976378 -0.141732 
vn -0.220472 -0.96063 0.15748 
vn -0.732283 -0.637795 0.23622 
vn 0.598425 0.0944882 0.795276 
vn 0.874016 0.0787402 0.480315 
vn 0.834646 0.0787402 0.543307 
vn 0.543307 0.0944882 0.834646 
vn 0.834646 0.0787402 0.543307 
vn 0.535433 0.102362 0.834646 
vn 0.826772 0.0944882 0.551181 
vn 0.543307 0.0944882 0.834646 
vn 0.740157 0.322835 -0.590551 
vn 0.559055 0.653543 -0.511811 
vn 0.606299 0.787402 -0.110236 
vn -0.913386 0.346457 0.228346 
vn -0.96063 0.244094 -0.110236 
vn -0.968504 0.0551181 0.251969 
vn -0.700787 0.708661 -0.11811 
vn -0.913386 0.346457 0.228346 
vn -0.582677 0.771654 0.244094 
vn -0.984252 0.102362 -0.165354 
vn -0.976378 0.0393701 0.212598 
vn -0.992126 -0.0393701 -0.133858 
vn -0.984252 0.149606 -0.133858 
vn -0.968504 0.0551181 0.251969 
vn -0.96063 0.244094 -0.110236 
vn -0.984252 -0.165354 -0.0708661 
vn -0.96063 0.141732 0.23622 
vn -0.976378 0.0393701 0.212598 
vn -0.771654 0.0866142 0.629921 
vn -0.779528 0.0629921 0.622047 
vn -0.503937 0.0787402 0.858268 
vn -0.527559 0.102362 0.84252 
vn -0.503937 0.0629921 0.866142 
vn -0.787402 0.0866142 0.606299 
vn -0.76378 0.19685 0.622047 
vn -0.535433 0.149606 0.826772 
vn -0.76378 0.0944882 0.637795 
vn -0.511811 -0.00787402 0.858268 
vn -0.76378 -0.0472441 0.645669 
vn -0.787402 0.0866142 0.606299 
vn -0.511811 0.0787402 0.858268 
vn -0.748031 0.11811 0.653543 
vn -0.480315 0.354331 0.795276 
vn -0.708661 0.370079 0.598425 
vn -0.220472 0.905512 0.354331 
vn -0.401575 0.858268 0.322835 
vn -0.220472 0.905512 0.354331 
vn -0.535433 0.149606 0.826772 
vn -0.173228 0.11811 0.976378 
vn -0.181102 0.338583 0.92126 
vn -0.480315 0.354331 0.795276 
vn -0.480315 0.354331 0.795276 
vn -0.15748 0.84252 0.511811 
vn -0.220472 0.905512 0.354331 
vn -0.15748 0.84252 0.511811 
vn -0.748031 0.11811 0.653543 
vn -0.456693 0.0866142 0.889764 
vn -0.511811 0.0787402 0.858268 
vn -0.448819 0.125984 0.88189 
vn -0.464567 0.0551181 0.88189 
vn -0.787402 0.11811 0.606299 
vn -0.787402 0.11811 0.606299 
vn -0.433071 0.102362 0.897638 
vn -0.779528 0.141732 0.606299 
vn -0.433071 0.15748 0.889764 
vn -0.795276 0.141732 0.590551 
vn -0.417323 0.102362 0.897638 
vn -0.795276 0.0708661 0.606299 
vn -0.401575 0.0787402 0.913386 
vn -0.417323 0.102362 0.897638 
vn -0.700787 0.0944882 0.700787 
vn -0.346457 0.0944882 0.929134 
vn 0.267717 -0.692913 0.669291 
vn 0.582677 -0.574803 0.574803 
vn 0.732283 -0.212598 0.645669 
vn -0.708661 0.370079 0.598425 
vn -0.401575 0.858268 0.322835 
vn -0.88189 0.370079 0.299213 
vn -0.88189 0.370079 0.299213 
vn -0.944882 -0.015748 0.330709 
vn 0.448819 0.0472441 0.897638 
vn 0.795276 0.102362 0.598425 
vn 0.826772 0.102362 0.551181 
vn 0.653543 0.472441 0.598425 
vn 0.818898 0.0708661 0.566929 
vn 0.968504 0.0551181 0.244094 
vn 0.818898 0.0629921 0.574803 
vn 0.818898 0.0708661 0.566929 
vn 0.96063 0.0787402 0.259843 
vn 0.811024 0.0787402 0.574803 
vn 0.944882 0.204724 0.267717 
vn 0.811024 0.181102 0.559055 
vn 0.96063 0.0866142 0.267717 
vn 0.96063 -0.0551181 0.267717 
vn 0.84252 0 0.535433 
vn 0.96063 0.0866142 0.267717 
vn 0.811024 0.181102 0.559055 
vn 0.826772 0.0472441 0.566929 
vn 0.897638 0.354331 0.267717 
vn 0.755906 0.362205 0.543307 
vn 0.409449 0.897638 0.141732 
vn 0.496063 0.779528 0.385827 
vn 0.826772 0.0472441 0.566929 
vn 0.598425 0.0393701 0.80315 
vn 0.811024 0.181102 0.559055 
vn 0.574803 0.0787402 0.811024 
vn 0.811024 0.0787402 0.574803 
vn 0.582677 0.0708661 0.811024 
vn 0.818898 0.0629921 0.574803 
vn 0.582677 0.0708661 0.811024 
vn 0.590551 0.0551181 0.811024 
vn 0.818898 0.0708661 0.566929 
vn 0.818898 0.0629921 0.574803 
vn 0.559055 0.149606 0.811024 
vn 0.795276 0.102362 0.598425 
vn 0.551181 0.0314961 0.834646 
vn 0.527559 0.0472441 0.850394 
vn 0.543307 0.110236 0.834646 
vn 0.543307 0.110236 0.834646 
vn 0.826772 0.102362 0.551181 
vn 0.543307 0.0944882 0.834646 
vn 0.826772 0.0944882 0.551181 
vn 0.535433 0.102362 0.834646 
vn 0.110236 -0.976378 -0.19685 
vn 0.0866142 -0.661417 -0.748031 
vn 0.307087 -0.590551 -0.740157 
vn -0.622047 -0.188976 0.755906 
vn -0.559055 -0.574803 0.598425 
vn -0.204724 -0.692913 0.685039 
vn -0.023622 -0.110236 -0.992126 
vn 0.0866142 -0.661417 -0.748031 
vn 0.00787402 -0.677165 -0.732283 
vn 0.307087 -0.590551 -0.740157 
vn 0.692913 -0.354331 -0.629921 
vn 0.897638 -0.377953 -0.23622 
vn -0.0551181 -0.023622 -1 
vn -0.110236 -0.661417 -0.740157 
vn -0.393701 -0.472441 -0.787402 
vn -0.913386 -0.377953 -0.173228 
vn -0.755906 -0.346457 -0.559055 
vn -0.393701 -0.472441 -0.787402 
vn 0.307087 -0.937008 -0.188976 
vn 0.307087 -0.590551 -0.740157 
vn 0.897638 -0.377953 -0.23622 
vn -0.700787 0.708661 -0.11811 
vn -0.590551 0.637795 -0.496063 
vn -0.692913 0.291339 -0.661417 
vn 0.984252 0.0551181 0.15748 
vn 0.976378 0.0866142 0.204724 
vn 0.874016 0.0787402 0.480315 
vn 0.834646 0.0787402 0.543307 
vn 0.874016 0.0787402 0.480315 
vn 0.976378 0.0551181 0.204724 
vn 0.834646 0.0787402 0.543307 
vn 0.976378 0.0866142 0.212598 
vn 0.826772 0.0944882 0.551181 
vn 0.708661 -0.354331 0.614173 
vn 0.826772 0.102362 0.551181 
vn -0.259843 -0.952756 -0.165354 
vn -0.913386 -0.377953 -0.173228 
vn -0.393701 -0.472441 -0.787402 
vn 0.220472 -0.708661 -0.669291 
vn 0.582677 -0.598425 -0.551181 
vn 0.732283 -0.661417 -0.149606 
vn -0.661417 -0.732283 -0.165354 
vn -0.622047 -0.574803 -0.535433 
vn -0.283465 -0.692913 -0.661417 
vn -0.984252 0.102362 -0.165354 
vn -0.992126 -0.0393701 -0.133858 
vn -0.755906 0.0314961 -0.653543 
vn -0.748031 0.11811 -0.645669 
vn -0.984252 0.149606 -0.133858 
vn -0.76378 0.00787402 -0.645669 
vn -0.96063 0.244094 -0.110236 
vn -0.96063 0.244094 -0.110236 
vn -0.692913 0.291339 -0.661417 
vn -0.700787 0.708661 -0.11811 
vn -0.748031 0.11811 -0.645669 
vn -0.779528 -0.181102 -0.590551 
vn -0.984252 -0.165354 -0.0708661 
vn -0.661417 -0.732283 -0.165354 
vn -0.748031 0.11811 0.653543 
vn -0.787402 0.0866142 0.606299 
vn -0.307087 0.0472441 0.952756 
vn -0.716535 -0.448819 0.535433 
vn -0.787402 0.0866142 0.606299 
vn -0.622047 0.440945 0.645669 
vn -0.779528 0.0629921 0.622047 
vn 0.685039 0.110236 -0.724409 
vn 0.692913 -0.354331 -0.629921 
vn 0.307087 -0.590551 -0.740157 
vn -0.795276 0.0708661 0.606299 
vn -0.976378 0.0629921 0.188976 
vn -0.968504 0.0866142 0.23622 
vn -0.700787 0.0944882 0.700787 
vn -0.795276 0.141732 0.590551 
vn -0.976378 0.0787402 0.188976 
vn -0.779528 0.141732 0.606299 
vn -0.110236 -0.15748 0.984252 
vn -0.188976 0.023622 0.984252 
vn -0.622047 -0.188976 0.755906 
vn -0.204724 -0.692913 0.685039 
vn 0.590551 0.299213 0.748031 
vn 0.23622 0.228346 0.944882 
vn 0.173228 0.023622 0.984252 
vn 0.251969 0.700787 0.669291 
vn -0.204724 -0.692913 0.685039 
vn -0.220472 -0.96063 0.15748 
vn -0.716535 -0.448819 0.535433 
vn -0.732283 -0.637795 0.23622 
vn -0.787402 0.11811 0.606299 
vn -0.748031 0.11811 0.653543 
vn -0.716535 -0.448819 0.535433 
vn -0.976378 0.11811 0.188976 
vn -0.779528 0.141732 0.606299 
vn -0.976378 0.0787402 0.188976 
vn -0.787402 0.11811 0.606299 
vn 0.149606 -0.976378 0.15748 
vn 0.267717 -0.692913 0.669291 
vn 0.708661 -0.354331 0.614173 
vn -0.188976 0.023622 0.984252 
vn -0.212598 -0.015748 0.976378 
vn -0.700787 0.0551181 0.708661 
vn -0.188976 0.023622 0.984252 
vn -0.677165 0.0944882 0.732283 
vn -0.188976 0.023622 0.984252 
vn -0.622047 -0.188976 0.755906 
vn -0.393701 -0.472441 -0.787402 
vn -0.755906 -0.346457 -0.559055 
vn -0.80315 0.110236 -0.582677 
vn 0.992126 0.11811 -0.0944882 
vn 0.992126 0.0551181 -0.110236 
vn 0.976378 0.0866142 0.204724 
vn 0.984252 0.0551181 0.15748 
vn 0.976378 0.0551181 0.204724 
vn 0.992126 0.0551181 -0.133858 
vn 0.992126 0.11811 -0.0944882 
vn 0.992126 0.0551181 -0.102362 
vn 0.976378 0.0866142 0.212598 
vn 0.692913 -0.417323 -0.590551 
vn 0.708661 -0.354331 0.614173 
vn -0.0314961 -0.535433 -0.84252 
vn 0.11811 -0.448819 -0.889764 
vn 0.212598 -0.685039 -0.700787 
vn -0.771654 0.0866142 0.629921 
vn -0.968504 0.0944882 0.244094 
vn -0.968504 0.0708661 0.251969 
vn -0.779528 0.0629921 0.622047 
vn -0.622047 0.440945 0.645669 
vn -0.76378 0.19685 0.622047 
vn -0.937008 0.212598 0.267717 
vn -0.76378 0.0944882 0.637795 
vn -0.937008 0.212598 0.267717 
vn -0.944882 0.0393701 0.338583 
vn -0.937008 0.212598 0.267717 
vn -0.76378 -0.0472441 0.645669 
vn -0.944882 -0.015748 0.330709 
vn -0.708661 0.370079 0.598425 
vn -0.944882 0.0393701 0.338583 
vn -1 0.0393701 -0.015748 
vn -0.992126 0.11811 -0.0393701 
vn -0.937008 0.212598 0.267717 
vn -0.992126 0.11811 -0.0393701 
vn -0.992126 0.0551181 -0.0787402 
vn -0.944882 -0.015748 0.330709 
vn -0.992126 0.0944882 -0.0472441 
vn -0.88189 0.370079 0.299213 
vn -0.88189 0.370079 0.299213 
vn -0.88189 0.472441 -0.0393701 
vn -0.417323 0.905512 0.102362 
vn -0.417323 0.905512 0.102362 
vn -0.307087 0.952756 -0.023622 
vn -0.133858 0.15748 0.976378 
vn -0.669291 0.299213 0.677165 
vn -0.700787 -0.00787402 0.716535 
vn -0.133858 0.15748 0.976378 
vn -0.19685 0.708661 0.677165 
vn -0.125984 -0.755906 -0.637795 
vn -0.0314961 -0.535433 -0.84252 
vn 0.212598 -0.685039 -0.700787 
vn -0.212598 -0.015748 0.976378 
vn -0.700787 -0.00787402 0.716535 
vn -0.700787 0.0551181 0.708661 
vn -0.133858 0.15748 0.976378 
vn -0.188976 0.023622 0.984252 
vn -0.700787 0.0551181 0.708661 
vn -0.677165 0.0944882 0.732283 
vn -0.338583 -0.519685 -0.779528 
vn -0.251969 -0.614173 -0.748031 
vn -0.125984 -0.755906 -0.637795 
vn -0.251969 -0.614173 -0.748031 
vn -0.0314961 -0.535433 -0.84252 
vn -0.716535 -0.448819 0.535433 
vn -0.622047 -0.425197 -0.661417 
vn -0.992126 0.102362 -0.0314961 
vn 0.984252 0.102362 -0.165354 
vn 0.96063 0.0787402 0.259843 
vn 0.968504 0.0551181 0.244094 
vn 0.968504 0.165354 -0.165354 
vn 0.984252 0.0708661 -0.165354 
vn 0.653543 0.472441 0.598425 
vn 0.661417 0.480315 -0.574803 
vn 0.968504 0.165354 -0.165354 
vn 0.944882 0.204724 0.267717 
vn 0.976378 0.133858 -0.149606 
vn 0.590551 0.299213 0.748031 
vn 0.527559 0.622047 0.574803 
vn 0.251969 0.700787 0.669291 
vn 0.834646 0.370079 -0.409449 
vn 0.755906 0.645669 -0.0708661 
vn 0.212598 0.968504 -0.110236 
vn -0.976378 0.212598 0.015748 
vn -0.795276 0.598425 0.0629921 
vn -0.96063 0.181102 -0.212598 
vn 0.212598 0.968504 -0.110236 
vn 0.755906 0.645669 -0.0708661 
vn 0.724409 0.606299 -0.338583 
vn 0.724409 0.606299 -0.338583 
vn 0.755906 0.645669 -0.0708661 
vn 0.976378 0.19685 -0.11811 
vn 0.448819 -0.732283 -0.503937 
vn 0.858268 0.023622 -0.503937 
vn 0.952756 -0.181102 -0.251969 
vn 0.314961 -0.913386 -0.251969 
vn 0.338583 -0.425197 -0.84252 
vn 0.535433 0.0787402 -0.84252 
vn 0 0 -1 
vn 0.84252 0.188976 -0.496063 
vn 0.968504 0.165354 -0.165354 
vn 0.984252 0.102362 -0.165354 
vn 0.850394 0.141732 -0.511811 
vn 0.968504 0.165354 -0.165354 
vn 0.976378 0.133858 -0.149606 
vn 0.850394 0.0708661 -0.519685 
vn 0.984252 0 -0.15748 
vn 0.76378 0.417323 -0.488189 
vn 0.76378 0.417323 -0.488189 
vn 0.913386 0.385827 -0.125984 
vn 0.96063 -0.0551181 0.267717 
vn 0.96063 0.0866142 0.267717 
vn 0.913386 0.385827 -0.125984 
vn 0.976378 0.133858 -0.149606 
vn 0.96063 0.0866142 0.267717 
vn 0.944882 0.204724 0.267717 
vn 0.913386 0.385827 -0.125984 
vn 0.897638 0.354331 0.267717 
vn 0.425197 0.905512 0 
vn 0.425197 0.905512 0 
vn 0.409449 0.897638 0.141732 
vn -0.19685 0.708661 0.677165 
vn -0.503937 0.629921 0.590551 
vn -0.669291 0.299213 0.677165 
vn 0.905512 0.11811 -0.409449 
vn 0.897638 0.11811 -0.417323 
vn 0.992126 0.11811 -0.0944882 
vn 0.992126 0.0551181 -0.133858 
vn 0.88189 0.0708661 -0.464567 
vn 0.582677 -0.220472 -0.779528 
vn 0.275591 -0.299213 -0.913386 
vn 0.314961 0.566929 -0.76378 
vn 0.212598 -0.787402 -0.574803 
vn 0.748031 -0.535433 -0.401575 
vn 0.212598 -0.787402 -0.574803 
vn 0.0866142 -0.976378 -0.204724 
vn 0.716535 0.346457 -0.606299 
vn 0.314961 0.566929 -0.76378 
vn 0.724409 0.606299 -0.338583 
vn 0.11811 0.913386 -0.385827 
vn 0.212598 0.968504 -0.110236 
vn 0.11811 0.913386 -0.385827 
vn 0.00787402 0.992126 -0.141732 
vn 0.188976 0.779528 -0.598425 
vn -0.692913 0.685039 -0.228346 
vn -0.795276 0.598425 0.0629921 
vn -0.259843 0.96063 -0.102362 
vn -0.976378 0.0629921 0.188976 
vn -1 0.0629921 -0.015748 
vn -0.992126 0.102362 0.00787402 
vn -0.968504 0.0866142 0.23622 
vn -0.976378 0.0787402 0.188976 
vn -0.992126 0.133858 -0.015748 
vn -0.976378 0.11811 0.188976 
vn 0.976378 0.19685 -0.11811 
vn 0.755906 0.645669 -0.0708661 
vn 0.834646 0.370079 -0.409449 
vn -0.944882 0.133858 -0.291339 
vn -0.96063 0.181102 -0.212598 
vn -0.732283 -0.0629921 -0.677165 
vn -0.732283 -0.0629921 -0.677165 
vn -0.692913 -0.370079 -0.614173 
vn -0.944882 0.133858 -0.291339 
vn -0.787402 -0.527559 -0.307087 
vn -0.259843 0.96063 -0.102362 
vn -0.795276 0.598425 0.0629921 
vn -0.740157 0.606299 -0.275591 
vn 0.582677 -0.220472 -0.779528 
vn 0.716535 0.346457 -0.606299 
vn 0.748031 -0.535433 -0.401575 
vn -0.740157 0.606299 -0.275591 
vn -0.795276 0.598425 0.0629921 
vn -0.976378 0.212598 0.015748 
vn 0.716535 0.346457 -0.606299 
vn 0.724409 0.606299 -0.338583 
vn 0.748031 -0.535433 -0.401575 
vn -0.0314961 0.992126 -0.141732 
vn -0.0708661 0.992126 -0.133858 
vn -0.354331 0.779528 -0.511811 
vn -0.188976 0.905512 -0.385827 
vn -0.0708661 0.992126 -0.133858 
vn -0.0866142 0.913386 -0.393701 
vn -0.188976 0.905512 -0.385827 
vn -0.370079 0.480315 -0.795276 
vn -0.125984 0.574803 -0.811024 
vn -0.228346 -0.291339 -0.929134 
vn -0.96063 0.181102 -0.212598 
vn -0.614173 0.637795 -0.456693 
vn -0.669291 0.503937 -0.551181 
vn -0.692913 0.685039 -0.228346 
vn -0.732283 -0.0629921 -0.677165 
vn 0.897638 0.11811 -0.417323 
vn 0.992126 0.0551181 -0.110236 
vn 0.992126 0.11811 -0.0944882 
vn 0.889764 0.0472441 -0.448819 
vn 0.992126 0.0551181 -0.102362 
vn 0.897638 0.11811 -0.425197 
vn 0.692913 -0.417323 -0.590551 
vn 0.897638 0.11811 -0.425197 
vn 0.874016 0.11811 -0.472441 
vn 0.00787402 0.992126 -0.141732 
vn 0.0551181 0.984252 -0.149606 
vn 0.023622 0.771654 -0.637795 
vn 0.0551181 0.913386 -0.393701 
vn 0.11811 0.913386 -0.385827 
vn 0.00787402 0.992126 -0.141732 
vn 0.102362 0.582677 -0.811024 
vn 0.314961 0.566929 -0.76378 
vn 0.275591 -0.299213 -0.913386 
vn -0.708661 0.519685 -0.488189 
vn -0.992126 0.141732 -0.0551181 
vn -0.929134 0.188976 -0.314961 
vn -0.929134 0.188976 -0.314961 
vn -0.92126 0.188976 -0.338583 
vn -0.110236 -0.15748 0.984252 
vn -0.204724 -0.692913 0.685039 
vn -0.716535 -0.448819 0.535433 
vn -0.614173 0.637795 -0.456693 
vn -0.692913 0.685039 -0.228346 
vn -0.228346 0.913386 -0.346457 
vn -0.228346 0.913386 -0.346457 
vn -0.259843 0.96063 -0.102362 
vn -0.968504 0.0944882 0.244094 
vn -0.992126 0.0551181 -0.0787402 
vn -0.992126 0.141732 -0.0551181 
vn -0.937008 0.212598 0.267717 
vn -0.968504 0.0708661 0.251969 
vn -0.708661 0.519685 -0.488189 
vn -0.622047 0.440945 0.645669 
vn -0.708661 0.519685 -0.488189 
vn 0 0.574803 -0.818898 
vn 0.102362 0.582677 -0.811024 
vn 0.0393701 -0.346457 -0.937008 
vn 0 0.574803 -0.818898 
vn 0.0551181 0.913386 -0.393701 
vn 0.023622 0.913386 -0.401575 
vn 0.0551181 0.984252 -0.149606 
vn 0 0.574803 -0.818898 
vn 0.0551181 0.913386 -0.393701 
vn 0.748031 -0.535433 -0.401575 
vn 0.724409 0.606299 -0.338583 
vn 0.984252 -0.133858 -0.125984 
vn 0.724409 0.606299 -0.338583 
vn 0.976378 0.19685 -0.11811 
vn 0.874016 0.11811 -0.472441 
vn 0.393701 0.0472441 -0.92126 
vn 0.692913 -0.417323 -0.590551 
vn 0.897638 0.125984 -0.425197 
vn 0.88189 0.125984 -0.456693 
vn 0.661417 0.480315 -0.574803 
vn 0.393701 0.0472441 -0.92126 
vn -0.952756 0.133858 -0.283465 
vn -0.685039 0.0787402 -0.724409 
vn -0.952756 0.11811 -0.291339 
vn -0.976378 0.0787402 -0.212598 
vn -0.622047 -0.425197 -0.661417 
vn -0.685039 0.0787402 -0.724409 
vn -0.708661 0.519685 -0.488189 
vn -0.952756 0.11811 -0.291339 
vn -0.708661 0.519685 -0.488189 
vn -0.929134 0.188976 -0.314961 
vn -0.992126 0.102362 -0.0314961 
vn -0.622047 -0.425197 -0.661417 
vn -0.96063 0.15748 -0.220472 
vn -0.976378 0.0787402 -0.212598 
vn -0.992126 0.133858 -0.015748 
vn -0.968504 0.11811 -0.212598 
vn -1 0.0629921 -0.015748 
vn -0.968504 0.0708661 -0.228346 
vn -0.984252 0.0944882 -0.165354 
vn -0.992126 0.102362 0.00787402 
vn -1 0.0629921 -0.015748 
vn -0.023622 -0.755906 -0.653543 
vn 0.110236 -0.976378 -0.19685 
vn 0.00787402 -0.653543 -0.755906 
vn -0.0866142 -0.440945 -0.889764 
vn -0.259843 -0.952756 -0.165354 
vn 0.307087 -0.937008 -0.188976 
vn 0.307087 -0.590551 -0.740157 
vn 0.110236 -0.976378 -0.19685 
vn 0.00787402 -0.653543 -0.755906 
vn 0.708661 -0.181102 -0.677165 
vn 0.00787402 -0.653543 -0.755906 
vn 0.307087 -0.937008 -0.188976 
vn -0.700787 -0.165354 -0.692913 
vn -0.259843 -0.952756 -0.165354 
vn -0.0866142 -0.440945 -0.889764 
vn 0 0.574803 -0.818898 
vn -0.0551181 -0.354331 -0.937008 
vn -0.125984 0.574803 -0.811024 
vn 0.023622 0.913386 -0.401575 
vn -0.0866142 0.913386 -0.393701 
vn 0.023622 0.913386 -0.401575 
vn 0.023622 0.984252 -0.149606 
vn -0.188976 0.905512 -0.385827 
vn -0.370079 0.480315 -0.795276 
vn -0.669291 0.503937 -0.551181 
vn -0.732283 -0.0629921 -0.677165 
vn -0.464567 -0.188976 -0.866142 
vn -0.370079 0.480315 -0.795276 
vn -0.291339 -0.740157 -0.606299 
vn -0.976378 0.212598 0.015748 
vn -0.96063 0.181102 -0.212598 
vn -0.944882 0.133858 -0.291339 
vn -0.96063 -0.259843 -0.023622 
vn -0.787402 -0.527559 -0.307087 
vn 0.228346 -0.259843 -0.937008 
vn 0.212598 -0.685039 -0.700787 
vn 0.464567 -0.519685 -0.716535 
vn 0.11811 -0.448819 -0.889764 
vn 0.464567 -0.519685 -0.716535 
vn 0.11811 -0.968504 -0.220472 
vn 0.110236 -0.976378 -0.19685 
vn -0.023622 -0.755906 -0.653543 
vn 0.0866142 -0.661417 -0.748031 
vn 0.00787402 -0.677165 -0.732283 
vn 0.11811 -0.968504 -0.220472 
vn -0.125984 0.692913 -0.708661 
vn -0.0314961 0.992126 -0.141732 
vn -0.354331 0.779528 -0.511811 
vn -0.354331 0.779528 -0.511811 
vn -0.496063 0.181102 -0.850394 
vn 0.866142 0.141732 -0.488189 
vn 0.984252 0.0708661 -0.165354 
vn 0.88189 0.125984 -0.456693 
vn 0.661417 0.480315 -0.574803 
vn -0.96063 0.15748 -0.220472 
vn -0.976378 0.0787402 -0.212598 
vn -0.787402 0.133858 -0.598425 
vn -0.755906 0.19685 -0.622047 
vn -0.968504 0.11811 -0.212598 
vn -0.755906 0.19685 -0.622047 
vn -0.771654 0.102362 -0.622047 
vn -0.968504 0.0708661 -0.228346 
vn -0.84252 0.0866142 -0.535433 
vn -0.968504 0.11811 -0.212598 
vn -0.984252 0.0944882 -0.165354 
vn -0.84252 0.0866142 -0.535433 
vn -0.929134 0.188976 -0.314961 
vn -0.92126 0.188976 -0.338583 
vn -0.740157 0.606299 -0.275591 
vn 0.023622 0.771654 -0.637795 
vn 0.0708661 0.188976 -0.976378 
vn 0.188976 0.779528 -0.598425 
vn 0.188976 0.779528 -0.598425 
vn 0.00787402 0.992126 -0.141732 
vn -0.929134 0.188976 -0.314961 
vn -0.740157 0.606299 -0.275591 
vn -0.913386 -0.212598 -0.338583 
vn -0.976378 0.212598 0.015748 
vn -0.96063 -0.259843 -0.023622 
vn -0.992126 0.141732 -0.0551181 
vn -0.992126 0.0551181 -0.0787402 
vn -0.92126 0.188976 -0.338583 
vn -0.92126 0.0866142 -0.377953 
vn -0.992126 0.11811 -0.0393701 
vn -0.905512 0.133858 -0.393701 
vn -1 0.0393701 -0.015748 
vn -0.905512 0.125984 -0.401575 
vn -0.992126 0.0944882 -0.0472441 
vn -0.858268 0.322835 -0.393701 
vn -0.88189 0.472441 -0.0393701 
vn -0.858268 0.322835 -0.393701 
vn -0.858268 0.322835 -0.393701 
vn -0.393701 0.897638 -0.181102 
vn -0.976378 0.11811 0.188976 
vn -0.716535 -0.448819 0.535433 
vn -0.992126 0.102362 -0.0314961 
vn -0.992126 0.133858 -0.015748 
vn 0.834646 0.370079 -0.409449 
vn 0.692913 0.173228 -0.700787 
vn 0.88189 0.125984 -0.456693 
vn -0.464567 -0.188976 -0.866142 
vn -0.370079 0.480315 -0.795276 
vn -0.370079 -0.267717 -0.889764 
vn -0.291339 -0.740157 -0.606299 
vn 0.00787402 -0.677165 -0.732283 
vn 0.11811 -0.968504 -0.220472 
vn -0.11811 -0.976378 -0.188976 
vn -0.110236 -0.661417 -0.740157 
vn 0.11811 -0.968504 -0.220472 
vn -0.023622 -0.755906 -0.653543 
vn -0.259843 -0.952756 -0.165354 
vn -0.023622 -0.755906 -0.653543 
vn -0.110236 -0.661417 -0.740157 
vn -0.393701 -0.472441 -0.787402 
vn -0.259843 -0.952756 -0.165354 
vn 0.692913 0.173228 -0.700787 
vn 0.677165 0.19685 -0.708661 
vn 0.866142 0.141732 -0.488189 
vn -0.92126 0.188976 -0.338583 
vn -0.755906 0.181102 -0.629921 
vn -0.740157 0.606299 -0.275591 
vn -0.149606 -0.976378 -0.141732 
vn -0.622047 -0.425197 -0.661417 
vn -0.716535 -0.448819 0.535433 
vn 0.811024 -0.425197 -0.401575 
vn 0.834646 0.370079 -0.409449 
vn 0.897638 0.125984 -0.425197 
vn -0.220472 -0.96063 0.15748 
vn -0.149606 -0.976378 -0.141732 
vn -0.716535 -0.448819 0.535433 
vn 0.149606 -0.976378 0.15748 
vn 0.708661 -0.354331 0.614173 
vn 0.692913 -0.417323 -0.590551 
vn 0.669291 0.0787402 -0.740157 
vn 0.708661 0.102362 -0.692913 
vn 0.88189 0.0708661 -0.464567 
vn 0.905512 0.11811 -0.409449 
vn 0.716535 0.149606 -0.677165 
vn 0.716535 0.149606 -0.677165 
vn 0.897638 0.11811 -0.417323 
vn 0.716535 0.110236 -0.692913 
vn 0.212598 -0.968504 -0.125984 
vn 0.149606 -0.976378 0.15748 
vn 0.692913 -0.417323 -0.590551 
vn 0.220472 -0.708661 -0.669291 
vn 0.692913 -0.417323 -0.590551 
vn 0.811024 -0.425197 -0.401575 
vn 0.897638 0.125984 -0.425197 
vn 0.874016 0.11811 -0.472441 
vn 0.834646 0.370079 -0.409449 
vn 0.88189 0.125984 -0.456693 
vn 0.897638 0.125984 -0.425197 
vn -0.858268 0.322835 -0.393701 
vn -0.393701 0.897638 -0.181102 
vn -0.661417 0.440945 -0.614173 
vn -0.724409 0.133858 -0.677165 
vn 0.692913 0.173228 -0.700787 
vn 0.866142 0.141732 -0.488189 
vn 0.88189 0.125984 -0.456693 
vn -0.952756 0.133858 -0.283465 
vn -0.952756 0.11811 -0.291339 
vn -0.76378 0.15748 -0.629921 
vn -0.779528 0.11811 -0.622047 
vn -0.976378 0.0787402 -0.212598 
vn -0.787402 0.133858 -0.598425 
vn 0.0551181 0.984252 -0.149606 
vn 0.023622 0.984252 -0.149606 
vn 0.0314961 0.866142 -0.503937 
vn 0.023622 0.913386 -0.401575 
vn 0.0314961 0.866142 -0.503937 
vn -0.125984 0.692913 -0.708661 
vn 0.0314961 0.866142 -0.503937 
vn -0.0472441 0.188976 -0.984252 
vn -0.952756 0.11811 -0.291339 
vn -0.913386 -0.212598 -0.338583 
vn -0.76378 0.15748 -0.629921 
vn -0.362205 -0.267717 -0.889764 
vn -0.559055 -0.511811 -0.653543 
vn -0.338583 -0.519685 -0.779528 
vn 0.716535 0.125984 -0.685039 
vn 0.897638 0.11811 -0.425197 
vn 0.889764 0.0472441 -0.448819 
vn 0.874016 0.11811 -0.472441 
vn 0.716535 0.110236 -0.692913 
vn 0.897638 0.11811 -0.417323 
vn 0.677165 0.133858 -0.724409 
vn 0.811024 -0.425197 -0.401575 
vn 0.811024 -0.425197 -0.401575 
vn 0.984252 -0.133858 -0.125984 
vn 0.834646 0.370079 -0.409449 
vn 0.984252 -0.133858 -0.125984 
vn 0.976378 0.19685 -0.11811 
vn 0.834646 0.370079 -0.409449 
vn -0.370079 -0.267717 -0.889764 
vn -0.370079 0.480315 -0.795276 
vn -0.228346 -0.291339 -0.929134 
vn -0.19685 -0.771654 -0.598425 
vn -0.559055 -0.511811 -0.653543 
vn -0.251969 -0.614173 -0.748031 
vn -0.338583 -0.519685 -0.779528 
vn 0.677165 0.133858 -0.724409 
vn 0.874016 0.11811 -0.472441 
vn 0.716535 0.125984 -0.685039 
vn 0.685039 0.110236 -0.724409 
vn 0.850394 0.0708661 -0.519685 
vn 0.850394 0.141732 -0.511811 
vn 0.614173 0.440945 -0.661417 
vn 0.685039 0.181102 -0.708661 
vn 0.614173 0.440945 -0.661417 
vn 0.76378 0.417323 -0.488189 
vn 0.685039 0.181102 -0.708661 
vn 0.84252 0.188976 -0.496063 
vn 0.677165 0.19685 -0.708661 
vn 0.866142 0.141732 -0.488189 
vn -0.952756 0.11811 -0.291339 
vn -0.929134 0.188976 -0.314961 
vn -0.913386 -0.212598 -0.338583 
vn -0.149606 -0.976378 -0.141732 
vn -0.283465 -0.692913 -0.661417 
vn -0.622047 -0.425197 -0.661417 
vn -0.149606 -0.976378 -0.141732 
vn -0.661417 -0.732283 -0.165354 
vn -0.787402 0.133858 -0.598425 
vn -0.779528 0.11811 -0.622047 
vn -0.496063 0.110236 -0.858268 
vn -0.480315 0.15748 -0.866142 
vn 0.251969 0.700787 0.669291 
vn 0.527559 0.622047 0.574803 
vn 0.661417 0.700787 0.267717 
vn -0.188976 0.905512 -0.385827 
vn -0.228346 0.913386 -0.346457 
vn -0.0708661 0.992126 -0.133858 
vn -0.669291 0.503937 -0.551181 
vn -0.614173 0.637795 -0.456693 
vn -0.228346 0.913386 -0.346457 
vn -0.259843 0.96063 -0.102362 
vn -0.0708661 0.992126 -0.133858 
vn -0.740157 0.606299 -0.275591 
vn -0.795276 0.598425 0.0629921 
vn -0.692913 0.685039 -0.228346 
vn -0.96063 0.181102 -0.212598 
vn 0.23622 0.228346 0.944882 
vn 0.251969 0.700787 0.669291 
vn 0.653543 0.472441 0.598425 
vn -0.582677 0.771654 0.244094 
vn -0.503937 0.629921 0.590551 
vn -0.19685 0.708661 0.677165 
vn -0.629921 0.023622 -0.779528 
vn -0.629921 0.0393701 -0.779528 
vn 0.370079 0.0708661 -0.929134 
vn 0.370079 0.0708661 -0.929134 
vn 0.433071 0.102362 -0.897638 
vn 0.669291 0.0787402 -0.740157 
vn 0.708661 0.102362 -0.692913 
vn 0.440945 0.133858 -0.889764 
vn 0.716535 0.149606 -0.677165 
vn 0.433071 0.133858 -0.889764 
vn 0.433071 0.133858 -0.889764 
vn 0.716535 0.110236 -0.692913 
vn 0.425197 0.125984 -0.897638 
vn 0.716535 0.125984 -0.685039 
vn 0.472441 0.165354 -0.866142 
vn 0.677165 0.133858 -0.724409 
vn 0.716535 0.125984 -0.685039 
vn -0.716535 0.188976 -0.677165 
vn -0.724409 0.133858 -0.677165 
vn -0.472441 0.212598 -0.858268 
vn -0.480315 0.244094 -0.84252 
vn 0.385827 0.188976 -0.905512 
vn 0.385827 0.15748 -0.905512 
vn 0.685039 0.181102 -0.708661 
vn 0.677165 0.19685 -0.708661 
vn -0.0551181 -0.102362 -0.992126 
vn 0.00787402 -0.677165 -0.732283 
vn -0.110236 -0.661417 -0.740157 
vn -0.0551181 -0.023622 -1 
vn -0.0551181 0.244094 -0.968504 
vn -0.740157 0.606299 -0.275591 
vn -0.976378 0.212598 0.015748 
vn -0.913386 -0.212598 -0.338583 
vn -0.015748 -0.976378 -0.228346 
vn 0.0314961 -0.952756 -0.299213 
vn 0.417323 -0.677165 -0.606299 
vn 0.0314961 -0.952756 -0.299213 
vn 0.0393701 -0.826772 -0.559055 
vn -0.0314961 -0.84252 -0.535433 
vn 0.0393701 -0.346457 -0.937008 
vn -0.0551181 -0.354331 -0.937008 
vn 0 0.574803 -0.818898 
vn -0.11811 -0.84252 -0.527559 
vn -0.0472441 -0.976378 -0.220472 
vn -0.228346 -0.291339 -0.929134 
vn -0.125984 0.574803 -0.811024 
vn -0.015748 -0.976378 -0.228346 
vn -0.0472441 -0.976378 -0.220472 
vn -0.0472441 -0.598425 -0.795276 
vn -0.0551181 0.244094 -0.968504 
vn -0.220472 0.244094 -0.944882 
vn -0.228346 0.23622 -0.944882 
vn -0.0551181 0.204724 -0.976378 
vn -0.0551181 0.244094 -0.968504 
vn 0.149606 0.267717 -0.952756 
vn 0.19685 0.220472 -0.952756 
vn 0.149606 0.244094 -0.96063 
vn 0.0866142 0.015748 -0.992126 
vn 0.685039 0.110236 -0.724409 
vn 0.307087 -0.590551 -0.740157 
vn -0.724409 0.133858 -0.677165 
vn -0.503937 0.0787402 -0.858268 
vn -0.472441 0.212598 -0.858268 
vn -0.661417 0.440945 -0.614173 
vn -0.661417 0.440945 -0.614173 
vn -0.440945 0.448819 -0.771654 
vn -0.417323 0.811024 -0.401575 
vn -0.417323 0.811024 -0.401575 
vn -0.133858 0.929134 -0.338583 
vn -0.92126 0.0866142 -0.377953 
vn -0.732283 0.15748 -0.661417 
vn -0.755906 0.181102 -0.629921 
vn -0.905512 0.125984 -0.401575 
vn -0.724409 0.133858 -0.677165 
vn -0.716535 0.188976 -0.677165 
vn -0.858268 0.322835 -0.393701 
vn -0.905512 0.133858 -0.393701 
vn -0.732283 0.15748 -0.661417 
vn -0.92126 0.0866142 -0.377953 
vn -0.732283 0.15748 -0.661417 
vn 0.0393701 -0.826772 -0.559055 
vn 0.0393701 -0.346457 -0.937008 
vn 0.275591 -0.299213 -0.913386 
vn 0.102362 0.582677 -0.811024 
vn 0.212598 -0.787402 -0.574803 
vn 0.0393701 -0.826772 -0.559055 
vn 0.0314961 -0.952756 -0.299213 
vn -0.0551181 -0.023622 -1 
vn -0.307087 0.110236 -0.944882 
vn -0.23622 0.291339 -0.929134 
vn -0.393701 -0.472441 -0.787402 
vn 0.307087 -0.590551 -0.740157 
vn 0.0866142 -0.661417 -0.748031 
vn 0.0866142 0.015748 -0.992126 
vn -0.023622 -0.110236 -0.992126 
vn -0.0551181 0.244094 -0.968504 
vn 0.0866142 -0.661417 -0.748031 
vn 0.385827 0.15748 -0.905512 
vn 0.685039 0.110236 -0.724409 
vn 0.685039 0.181102 -0.708661 
vn 0.385827 0.440945 -0.811024 
vn 0.385827 0.440945 -0.811024 
vn 0.614173 0.440945 -0.661417 
vn 0.204724 0.92126 -0.330709 
vn 0.125984 0.984252 -0.11811 
vn 0.212598 0.96063 0.173228 
vn 0.606299 0.787402 -0.110236 
vn 0.204724 0.732283 -0.645669 
vn 0.661417 0.700787 0.267717 
vn 0.251969 0.700787 0.669291 
vn 0.307087 -0.937008 -0.188976 
vn 0.897638 -0.377953 -0.23622 
vn 0.708661 -0.181102 -0.677165 
vn -0.913386 -0.377953 -0.173228 
vn -0.259843 -0.952756 -0.165354 
vn -0.700787 -0.165354 -0.692913 
vn 0.023622 0.984252 -0.149606 
vn -0.0314961 0.992126 -0.141732 
vn -0.125984 0.692913 -0.708661 
vn -0.0866142 0.913386 -0.393701 
vn -0.629921 0.0393701 -0.779528 
vn 0.433071 0.102362 -0.897638 
vn 0.370079 0.0708661 -0.929134 
vn -0.622047 0.0551181 -0.779528 
vn 0.433071 0.102362 -0.897638 
vn -0.755906 0.181102 -0.629921 
vn -0.496063 0.181102 -0.850394 
vn -0.354331 0.779528 -0.511811 
vn -0.740157 0.606299 -0.275591 
vn -0.755906 0.181102 -0.629921 
vn -0.92126 0.188976 -0.338583 
vn -0.92126 0.0866142 -0.377953 
vn -0.755906 0.181102 -0.629921 
vn -0.385827 0.488189 -0.779528 
vn 0.732283 -0.322835 -0.590551 
vn -0.464567 0.251969 -0.850394 
vn 0.732283 -0.322835 -0.590551 
vn 0.850394 -0.102362 -0.511811 
vn -0.464567 0.251969 -0.850394 
vn 0.850394 -0.102362 -0.511811 
vn -0.448819 0.015748 -0.889764 
vn 0.850394 -0.102362 -0.511811 
vn 0.874016 0.141732 -0.456693 
vn -0.448819 0.015748 -0.889764 
vn -0.448819 0.015748 -0.889764 
vn 0.874016 0.141732 -0.456693 
vn -0.354331 -0.212598 -0.913386 
vn 0.874016 0.141732 -0.456693 
vn 0.811024 0.385827 -0.433071 
vn -0.354331 -0.212598 -0.913386 
vn -0.354331 -0.212598 -0.913386 
vn 0.811024 0.385827 -0.433071 
vn -0.181102 -0.401575 -0.897638 
vn 0.811024 0.385827 -0.433071 
vn 0.669291 0.606299 -0.433071 
vn -0.181102 -0.401575 -0.897638 
vn 0.472441 0.165354 -0.866142 
vn 0.377953 -0.472441 -0.795276 
vn 0.677165 0.133858 -0.724409 
vn 0.527559 -0.496063 -0.685039 
vn 0.732283 -0.322835 -0.590551 
vn -0.385827 0.488189 -0.779528 
vn -0.212598 0.685039 -0.692913 
vn 0.527559 -0.496063 -0.685039 
vn -0.385827 0.488189 -0.779528 
vn -0.181102 -0.401575 -0.897638 
vn 0.669291 0.606299 -0.433071 
vn 0.0629921 -0.519685 -0.850394 
vn 0.669291 0.606299 -0.433071 
vn 0.433071 0.771654 -0.472441 
vn 0.0629921 -0.519685 -0.850394 
vn -0.354331 0.779528 -0.511811 
vn -0.0708661 0.992126 -0.133858 
vn -0.740157 0.606299 -0.275591 
vn 0.834646 0.370079 -0.409449 
vn 0.212598 0.968504 -0.110236 
vn 0.188976 0.779528 -0.598425 
vn 0.0472441 0.80315 -0.598425 
vn 0.244094 -0.566929 -0.787402 
vn -0.212598 0.685039 -0.692913 
vn 0.0629921 -0.519685 -0.850394 
vn 0.433071 0.771654 -0.472441 
vn 0.346457 -0.535433 -0.771654 
vn 0.433071 0.771654 -0.472441 
vn 0.141732 0.826772 -0.543307 
vn 0.346457 -0.535433 -0.771654 
vn 0.023622 0.771654 -0.637795 
vn 0.0551181 0.984252 -0.149606 
vn 0.0314961 0.866142 -0.503937 
vn -0.464567 0.102362 -0.874016 
vn 0.519685 0.0551181 -0.850394 
vn 0.519685 0.00787402 -0.850394 
vn -0.480315 0.15748 -0.866142 
vn 0.519685 0.0551181 -0.850394 
vn 0.685039 0.110236 -0.724409 
vn 0.0866142 0.015748 -0.992126 
vn 0.149606 0.244094 -0.96063 
vn 0.692913 0.204724 -0.692913 
vn 0.19685 0.220472 -0.952756 
vn 0.716535 0.220472 -0.661417 
vn 0.149606 0.267717 -0.952756 
vn 0.787402 0.275591 -0.551181 
vn 0.417323 -0.677165 -0.606299 
vn -0.0393701 -0.511811 -0.858268 
vn 0.244094 -0.566929 -0.787402 
vn 0.0472441 0.80315 -0.598425 
vn 0.338583 0.787402 -0.519685 
vn -0.0393701 -0.511811 -0.858268 
vn 0.0472441 0.80315 -0.598425 
vn -0.0551181 0.244094 -0.968504 
vn -0.023622 -0.110236 -0.992126 
vn -0.0551181 -0.102362 -0.992126 
vn 0.00787402 -0.677165 -0.732283 
vn 0.346457 -0.535433 -0.771654 
vn 0.141732 0.826772 -0.543307 
vn 0.598425 -0.425197 -0.677165 
vn 0.141732 0.826772 -0.543307 
vn -0.149606 0.755906 -0.645669 
vn 0.598425 -0.425197 -0.677165 
vn 0.188976 0.779528 -0.598425 
vn 0.377953 0.181102 -0.905512 
vn 0.834646 0.370079 -0.409449 
vn -0.488189 0.0708661 -0.866142 
vn -0.464567 0.102362 -0.874016 
vn 0.519685 0.00787402 -0.850394 
vn -0.84252 0.0866142 -0.535433 
vn -0.771654 0.102362 -0.622047 
vn -0.464567 0.102362 -0.874016 
vn -0.488189 0.0708661 -0.866142 
vn -0.755906 0.19685 -0.622047 
vn -0.755906 0.19685 -0.622047 
vn -0.480315 0.15748 -0.866142 
vn -0.787402 0.133858 -0.598425 
vn -0.275591 -0.362205 -0.889764 
vn -0.0393701 -0.511811 -0.858268 
vn 0.338583 0.787402 -0.519685 
vn 0.590551 0.653543 -0.464567 
vn -0.275591 -0.362205 -0.889764 
vn 0.338583 0.787402 -0.519685 
vn 0.598425 -0.425197 -0.677165 
vn -0.149606 0.755906 -0.645669 
vn 0.771654 -0.23622 -0.590551 
vn -0.149606 0.755906 -0.645669 
vn -0.362205 0.574803 -0.740157 
vn 0.771654 -0.23622 -0.590551 
vn 0.377953 0.181102 -0.905512 
vn 0.692913 0.173228 -0.700787 
vn 0.834646 0.370079 -0.409449 
vn 0.377953 0.181102 -0.905512 
vn 0.771654 -0.23622 -0.590551 
vn -0.362205 0.574803 -0.740157 
vn 0.850394 -0.00787402 -0.519685 
vn -0.362205 0.574803 -0.740157 
vn -0.472441 0.338583 -0.811024 
vn 0.850394 -0.00787402 -0.519685 
vn 0.76378 0.456693 -0.456693 
vn -0.425197 -0.149606 -0.889764 
vn 0.590551 0.653543 -0.464567 
vn 0.850394 -0.00787402 -0.519685 
vn -0.472441 0.338583 -0.811024 
vn 0.850394 0.228346 -0.472441 
vn 0.850394 0.228346 -0.472441 
vn -0.488189 0.0944882 -0.866142 
vn 0.76378 0.456693 -0.456693 
vn -0.488189 0.0944882 -0.866142 
vn -0.425197 -0.149606 -0.889764 
vn 0.76378 0.456693 -0.456693 
vn 0.850394 0.228346 -0.472441 
vn 0.76378 0.456693 -0.456693 
vn 0.866142 0.370079 0.330709 
vn -0.472441 0.338583 -0.811024 
vn -0.488189 0.0944882 -0.866142 
vn 0.377953 -0.11811 -0.913386 
vn -0.795276 0.440945 -0.409449 
vn 0.440945 0.11811 -0.889764 
vn -0.795276 0.440945 -0.409449 
vn -0.88189 0.204724 -0.425197 
vn 0.440945 0.11811 -0.889764 
vn 0.440945 0.11811 -0.889764 
vn -0.88189 0.204724 -0.425197 
vn 0.417323 0.354331 -0.834646 
vn -0.88189 0.204724 -0.425197 
vn -0.88189 -0.0393701 -0.472441 
vn 0.417323 0.354331 -0.834646 
vn 0.244094 -0.330709 -0.913386 
vn -0.622047 0.653543 -0.425197 
vn 0.377953 -0.11811 -0.913386 
vn -0.622047 0.653543 -0.425197 
vn -0.795276 0.440945 -0.409449 
vn 0.377953 -0.11811 -0.913386 
vn 0.417323 0.354331 -0.834646 
vn -0.88189 -0.0393701 -0.472441 
vn 0.299213 0.574803 -0.755906 
vn -0.88189 -0.0393701 -0.472441 
vn -0.787402 -0.275591 -0.551181 
vn 0.299213 0.574803 -0.755906 
vn 0.377953 0.181102 -0.905512 
vn 0.385827 0.188976 -0.905512 
vn 0.677165 0.19685 -0.708661 
vn 0.692913 0.173228 -0.700787 
vn -0.787402 -0.275591 -0.551181 
vn -0.606299 -0.464567 -0.645669 
vn 0.0944882 0.748031 -0.661417 
vn 0.299213 0.574803 -0.755906 
vn -0.787402 -0.275591 -0.551181 
vn 0.0944882 0.748031 -0.661417 
vn 0.023622 -0.488189 -0.874016 
vn -0.370079 0.795276 -0.480315 
vn 0.244094 -0.330709 -0.913386 
vn -0.370079 0.795276 -0.480315 
vn -0.622047 0.653543 -0.425197 
vn 0.244094 -0.330709 -0.913386 
vn -0.220472 0.244094 -0.944882 
vn -0.76378 -0.456693 -0.448819 
vn -0.0472441 -0.598425 -0.795276 
vn -0.732283 0.15748 -0.661417 
vn -0.716535 0.188976 -0.677165 
vn -0.480315 0.244094 -0.84252 
vn -0.496063 0.181102 -0.850394 
vn -0.220472 0.244094 -0.944882 
vn -0.700787 0.188976 -0.692913 
vn -0.76378 -0.456693 -0.448819 
vn -0.228346 0.23622 -0.944882 
vn -0.748031 0.220472 -0.622047 
vn -0.23622 0.291339 -0.929134 
vn -0.732283 0.307087 -0.614173 
vn -0.307087 0.110236 -0.944882 
vn -0.80315 0.110236 -0.582677 
vn -0.393701 -0.472441 -0.787402 
vn -0.80315 0.110236 -0.582677 
vn -0.0551181 0.244094 -0.968504 
vn -0.0551181 -0.023622 -1 
vn -0.23622 0.291339 -0.929134 
vn -0.606299 -0.464567 -0.645669 
vn -0.346457 -0.566929 -0.748031 
vn -0.181102 0.811024 -0.559055 
vn 0.0944882 0.748031 -0.661417 
vn -0.606299 -0.464567 -0.645669 
vn -0.181102 0.811024 -0.559055 
vn -0.251969 -0.551181 -0.795276 
vn -0.0787402 0.818898 -0.574803 
vn 0.023622 -0.488189 -0.874016 
vn -0.0787402 0.818898 -0.574803 
vn -0.370079 0.795276 -0.480315 
vn 0.023622 -0.488189 -0.874016 
vn -0.346457 -0.566929 -0.748031 
vn -0.0551181 -0.543307 -0.834646 
vn -0.464567 0.740157 -0.480315 
vn -0.181102 0.811024 -0.559055 
vn -0.346457 -0.566929 -0.748031 
vn -0.464567 0.740157 -0.480315 
vn -0.519685 -0.488189 -0.700787 
vn 0.188976 0.708661 -0.677165 
vn -0.251969 -0.551181 -0.795276 
vn 0.188976 0.708661 -0.677165 
vn -0.0787402 0.818898 -0.574803 
vn -0.251969 -0.551181 -0.795276 
vn -0.913386 -0.212598 -0.338583 
vn -0.251969 -0.755906 -0.606299 
vn -0.456693 0.165354 -0.874016 
vn 0.708661 -0.354331 0.614173 
vn 0.228346 -0.141732 0.96063 
vn 0.448819 0.0472441 0.897638 
vn 0.267717 -0.692913 0.669291 
vn 0.708661 -0.354331 0.614173 
vn 0.228346 0 0.976378 
vn 0.692913 -0.015748 0.716535 
vn 0.228346 -0.141732 0.96063 
vn 0.677165 0.015748 0.732283 
vn 0.732283 -0.212598 0.645669 
vn 0.228346 -0.141732 0.96063 
vn 0.228346 -0.141732 0.96063 
vn 0.267717 -0.692913 0.669291 
vn 0.204724 0.00787402 0.976378 
vn 0.637795 0.0866142 0.76378 
vn 0.448819 0.0472441 0.897638 
vn 0.173228 0.023622 0.984252 
vn 0.637795 0.0866142 0.76378 
vn 0.653543 0.472441 0.598425 
vn 0.23622 0.228346 0.944882 
vn 0.637795 0.0866142 0.76378 
vn 0.590551 0.299213 0.748031 
vn -0.0551181 -0.543307 -0.834646 
vn 0.19685 -0.409449 -0.889764 
vn -0.685039 0.582677 -0.440945 
vn -0.464567 0.740157 -0.480315 
vn -0.0551181 -0.543307 -0.834646 
vn -0.685039 0.582677 -0.440945 
vn -0.724409 -0.330709 -0.606299 
vn 0.377953 0.511811 -0.771654 
vn -0.519685 -0.488189 -0.700787 
vn 0.377953 0.511811 -0.771654 
vn 0.188976 0.708661 -0.677165 
vn -0.519685 -0.488189 -0.700787 
vn -0.0472441 -0.598425 -0.795276 
vn -0.015748 -0.976378 -0.228346 
vn 0.417323 -0.677165 -0.606299 
vn -0.0551181 0.244094 -0.968504 
vn 0.417323 -0.677165 -0.606299 
vn -0.755906 0.181102 -0.629921 
vn -0.732283 0.15748 -0.661417 
vn -0.496063 0.181102 -0.850394 
vn -0.685039 0.582677 -0.440945 
vn 0.19685 -0.409449 -0.889764 
vn -0.818898 0.362205 -0.440945 
vn 0.19685 -0.409449 -0.889764 
vn 0.370079 -0.212598 -0.905512 
vn -0.818898 0.362205 -0.440945 
vn -0.874016 0.125984 -0.464567 
vn 0.370079 -0.212598 -0.905512 
vn 0.456693 0.0314961 -0.889764 
vn -0.874016 0.125984 -0.464567 
vn -0.874016 0.125984 -0.464567 
vn 0.456693 0.0314961 -0.889764 
vn -0.84252 -0.110236 -0.527559 
vn 0.456693 0.0314961 -0.889764 
vn 0.464567 0.275591 -0.84252 
vn -0.84252 -0.110236 -0.527559 
vn -0.84252 -0.110236 -0.527559 
vn 0.464567 0.275591 -0.84252 
vn -0.724409 -0.330709 -0.606299 
vn 0.464567 0.275591 -0.84252 
vn 0.377953 0.511811 -0.771654 
vn -0.724409 -0.330709 -0.606299 
vn -0.0551181 0.244094 -0.968504 
vn -0.23622 0.291339 -0.929134 
vn -0.228346 0.23622 -0.944882 
vn 0.377953 -0.472441 -0.795276 
vn 0.811024 -0.425197 -0.401575 
vn 0.677165 0.133858 -0.724409 
vn -0.76378 0.15748 -0.629921 
vn -0.913386 -0.212598 -0.338583 
vn -0.456693 0.165354 -0.874016 
vn -0.448819 0.141732 -0.88189 
vn -0.779528 0.11811 -0.622047 
vn -0.496063 0.110236 -0.858268 
vn -0.496063 0.110236 -0.858268 
vn -0.448819 0.141732 -0.88189 
vn 0.496063 -0.125984 -0.858268 
vn -0.102362 0.204724 -0.976378 
vn -0.228346 0.141732 -0.96063 
vn -0.0787402 0.133858 -0.984252 
vn -0.19685 0.275591 -0.937008 
vn 0.897638 -0.377953 -0.23622 
vn 0.692913 -0.354331 -0.629921 
vn 0.685039 0.110236 -0.724409 
vn -0.622047 0.0551181 -0.779528 
vn 0.440945 0.133858 -0.889764 
vn 0.433071 0.102362 -0.897638 
vn -0.582677 -0.141732 -0.80315 
vn 0.433071 0.133858 -0.889764 
vn 0.440945 0.133858 -0.889764 
vn 0.84252 -0.346457 -0.417323 
vn 0.275591 0.165354 -0.944882 
vn 0.944882 -0.0708661 -0.330709 
vn 0.637795 -0.574803 -0.519685 
vn 0.84252 -0.346457 -0.417323 
vn -0.519685 -0.299213 -0.795276 
vn 0.275591 0.165354 -0.944882 
vn -0.314961 -0.535433 -0.787402 
vn 0.944882 -0.0708661 -0.330709 
vn 0.937008 0.220472 -0.275591 
vn 0.322835 0.889764 -0.322835 
vn -0.023622 0.905512 -0.417323 
vn 0.834646 0.496063 -0.251969 
vn 0.629921 0.732283 -0.259843 
vn 0.937008 0.220472 -0.275591 
vn 0.275591 0.165354 -0.944882 
vn 0.629921 0.732283 -0.259843 
vn 0.275591 0.165354 -0.944882 
vn 0.322835 0.889764 -0.322835 
vn -0.480315 0.15748 -0.866142 
vn 0.275591 0.0866142 -0.952756 
vn 0.519685 0.0551181 -0.850394 
vn -0.496063 0.110236 -0.858268 
vn 0.330709 -0.700787 -0.637795 
vn 0.275591 0.165354 -0.944882 
vn 0.637795 -0.574803 -0.519685 
vn -0.338583 0.771654 -0.535433 
vn -0.551181 0.535433 -0.637795 
vn -0.551181 0.535433 -0.637795 
vn -0.645669 0.259843 -0.724409 
vn -0.015748 -0.685039 -0.732283 
vn 0.275591 0.165354 -0.944882 
vn 0.330709 -0.700787 -0.637795 
vn -0.023622 0.905512 -0.417323 
vn 0.275591 0.165354 -0.944882 
vn -0.338583 0.771654 -0.535433 
vn 0.708661 -0.181102 -0.677165 
vn 0.425197 0.125984 -0.897638 
vn 0.433071 0.133858 -0.889764 
vn 0.748031 0.165354 -0.645669 
vn 0.472441 0.165354 -0.866142 
vn 0.425197 0.125984 -0.897638 
vn -0.314961 -0.535433 -0.787402 
vn 0.275591 0.165354 -0.944882 
vn -0.015748 -0.685039 -0.732283 
vn -0.645669 0.259843 -0.724409 
vn -0.629921 -0.0314961 -0.771654 
vn -0.629921 -0.0314961 -0.771654 
vn 0.275591 0.165354 -0.944882 
vn -0.519685 -0.299213 -0.795276 
vn -0.622047 0.0551181 -0.779528 
vn -0.582677 -0.141732 -0.80315 
vn 0.440945 0.133858 -0.889764 
vn -0.96063 0.102362 -0.267717 
vn -0.299213 0.165354 -0.937008 
vn -0.92126 -0.181102 -0.330709 
vn -0.212598 -0.716535 -0.669291 
vn -0.299213 0.165354 -0.937008 
vn 0.11811 -0.645669 -0.755906 
vn -0.456693 0.84252 -0.283465 
vn -0.724409 0.645669 -0.23622 
vn -0.889764 0.385827 -0.228346 
vn -0.787402 -0.448819 -0.433071 
vn -0.299213 0.165354 -0.937008 
vn -0.535433 -0.637795 -0.551181 
vn -0.889764 0.385827 -0.228346 
vn -0.96063 0.102362 -0.267717 
vn 0.590551 0.653543 -0.464567 
vn 0.338583 0.787402 -0.519685 
vn 0.330709 0.897638 0.283465 
vn -0.425197 -0.149606 -0.889764 
vn -0.275591 -0.362205 -0.889764 
vn -0.92126 -0.181102 -0.330709 
vn -0.299213 0.165354 -0.937008 
vn -0.787402 -0.448819 -0.433071 
vn 0.629921 0.0787402 -0.771654 
vn 0.598425 0.370079 -0.708661 
vn 0.748031 0.165354 -0.645669 
vn 0.850394 -0.165354 -0.503937 
vn 0.377953 -0.472441 -0.795276 
vn -0.535433 -0.637795 -0.551181 
vn -0.299213 0.165354 -0.937008 
vn -0.212598 -0.716535 -0.669291 
vn -0.11811 0.92126 -0.377953 
vn -0.299213 0.165354 -0.937008 
vn -0.456693 0.84252 -0.283465 
vn -0.362205 -0.267717 -0.889764 
vn 0.708661 -0.181102 -0.677165 
vn -0.582677 -0.141732 -0.80315 
vn 0.11811 -0.645669 -0.755906 
vn -0.299213 0.165354 -0.937008 
vn 0.385827 -0.456693 -0.80315 
vn 0.212598 0.84252 -0.496063 
vn -0.299213 0.165354 -0.937008 
vn -0.11811 0.92126 -0.377953 
vn 0.551181 -0.204724 -0.811024 
vn 0.629921 0.0787402 -0.771654 
vn 0.598425 0.370079 -0.708661 
vn 0.464567 0.637795 -0.614173 
vn 0.464567 0.637795 -0.614173 
vn -0.299213 0.165354 -0.937008 
vn 0.212598 0.84252 -0.496063 
vn 0.385827 -0.456693 -0.80315 
vn -0.299213 0.165354 -0.937008 
vn 0.551181 -0.204724 -0.811024 
vn -0.188976 0.023622 0.984252 
vn -0.188976 0.023622 0.984252 
vn -0.307087 0.0472441 0.952756 
vn -0.188976 0.023622 0.984252 
vn -0.110236 -0.15748 0.984252 
vn -0.307087 0.0472441 0.952756 
vn -0.496063 0.110236 -0.858268 
vn 0.496063 -0.125984 -0.858268 
vn 0.275591 0.0866142 -0.952756 
vn -0.133858 0.15748 0.976378 
vn -0.212598 -0.015748 0.976378 
vn -0.307087 0.0472441 0.952756 
vn -0.622047 0.440945 0.645669 
vn -0.133858 0.15748 0.976378 
vn -0.307087 0.0472441 0.952756 
vn -0.19685 0.708661 0.677165 
vn -0.622047 0.440945 0.645669 
vn -0.582677 -0.141732 -0.80315 
vn 0.708661 -0.181102 -0.677165 
vn 0.433071 0.133858 -0.889764 
vn -0.110236 -0.15748 0.984252 
vn -0.716535 -0.448819 0.535433 
vn -0.307087 0.0472441 0.952756 
vn 0.472441 0.165354 -0.866142 
vn 0.748031 0.165354 -0.645669 
vn 0.377953 -0.472441 -0.795276 
vn 0.0708661 0.188976 -0.976378 
vn 0.377953 0.181102 -0.905512 
vn 0.188976 0.779528 -0.598425 
vn 0.0708661 0.181102 -0.984252 
vn -0.251969 -0.755906 -0.606299 
vn -0.582677 -0.708661 -0.401575 
vn -0.92126 0.149606 -0.354331 
vn -0.80315 0.110236 -0.582677 
vn -0.755906 -0.346457 -0.559055 
vn -0.913386 -0.377953 -0.173228 
vn -0.188976 0.023622 0.984252 
vn -0.307087 0.0472441 0.952756 
vn -0.212598 -0.015748 0.976378 
vn -0.496063 0.181102 -0.850394 
vn -0.181102 0.188976 -0.968504 
vn -0.125984 0.692913 -0.708661 
vn -0.480315 0.244094 -0.84252 
vn -0.456693 0.165354 -0.874016 
vn -0.251969 -0.755906 -0.606299 
vn -0.92126 0.149606 -0.354331 
vn -0.456693 0.165354 -0.874016 
vn -0.700787 -0.165354 -0.692913 
vn -0.448819 0.141732 -0.88189 
vn 0.496063 -0.125984 -0.858268 
vn -0.456693 0.165354 -0.874016 
vn 0.0708661 0.173228 -0.984252 
vn 0.385827 0.15748 -0.905512 
vn 0.385827 0.188976 -0.905512 
vn 0.0944882 0.433071 -0.897638 
vn 0.0708661 0.173228 -0.984252 
vn 0.0944882 0.433071 -0.897638 
vn 0.385827 0.440945 -0.811024 
vn 0.377953 0.181102 -0.905512 
vn 0.0708661 0.181102 -0.984252 
vn 0.377953 0.181102 -0.905512 
vn 0.606299 0.787402 -0.110236 
vn 0.559055 0.653543 -0.511811 
vn 0.204724 0.732283 -0.645669 
vn 0.00787402 -0.653543 -0.755906 
vn 0.708661 -0.181102 -0.677165 
vn -0.362205 -0.267717 -0.889764 
vn -0.503937 0.0787402 -0.858268 
vn -0.188976 0.102362 -0.976378 
vn -0.228346 0.141732 -0.96063 
vn -0.440945 0.448819 -0.771654 
vn -0.472441 0.212598 -0.858268 
vn -0.19685 0.275591 -0.937008 
vn -0.440945 0.448819 -0.771654 
vn -0.204724 0.519685 -0.826772 
vn -0.480315 0.244094 -0.84252 
vn -0.19685 0.275591 -0.937008 
vn -0.181102 0.188976 -0.968504 
vn 0.0314961 0.866142 -0.503937 
vn -0.0472441 0.188976 -0.984252 
vn 0.023622 0.771654 -0.637795 
vn -0.0472441 0.188976 -0.984252 
vn -0.181102 0.188976 -0.968504 
vn -0.0551181 0.181102 -0.984252 
vn -0.125984 0.692913 -0.708661 
vn -0.0472441 0.188976 -0.984252 
vn 0.0708661 0.188976 -0.976378 
vn 0.023622 0.771654 -0.637795 
vn -0.0551181 0.181102 -0.984252 
vn 0.228346 -0.259843 -0.937008 
vn 0.496063 -0.125984 -0.858268 
vn -0.700787 -0.165354 -0.692913 
vn -0.992126 0.125984 0.00787402 
vn -0.80315 0.110236 -0.582677 
vn -0.913386 -0.377953 -0.173228 
vn -0.188976 0.102362 -0.976378 
vn -0.204724 0.519685 -0.826772 
vn -0.0787402 0.346457 -0.937008 
vn -0.338583 -0.519685 -0.779528 
vn 0.00787402 -0.653543 -0.755906 
vn -0.362205 -0.267717 -0.889764 
vn 0.251969 0.700787 0.669291 
vn 0.212598 0.96063 0.173228 
vn 0.653543 0.472441 0.598425 
vn 0.228346 -0.259843 -0.937008 
vn -0.700787 -0.165354 -0.692913 
vn -0.0866142 -0.440945 -0.889764 
vn -0.818898 0.362205 -0.440945 
vn -0.874016 0.125984 -0.464567 
vn -0.937008 0.125984 0.322835 
vn -0.944882 -0.220472 0.251969 
vn -0.874016 0.125984 -0.464567 
vn -0.84252 -0.110236 -0.527559 
vn -0.944882 -0.220472 0.251969 
vn -0.133858 0.976378 0.165354 
vn -0.19685 0.708661 0.677165 
vn -0.622047 0.440945 0.645669 
vn -0.582677 0.771654 0.244094 
vn -0.19685 0.708661 0.677165 
vn -0.275591 0.724409 -0.629921 
vn -0.590551 0.637795 -0.496063 
vn -0.700787 0.708661 -0.11811 
vn 0.212598 -0.685039 -0.700787 
vn 0.228346 -0.259843 -0.937008 
vn -0.0866142 -0.440945 -0.889764 
vn -0.0787402 0.133858 -0.984252 
vn 0.0708661 0.173228 -0.984252 
vn 0.0708661 0.173228 -0.984252 
vn -0.0787402 0.346457 -0.937008 
vn 0.0944882 0.433071 -0.897638 
vn -0.188976 0.102362 -0.976378 
vn -0.228346 0.141732 -0.96063 
vn -0.102362 0.204724 -0.976378 
vn 0.0708661 0.181102 -0.984252 
vn -0.0551181 0.181102 -0.984252 
vn 0.0708661 0.188976 -0.976378 
vn -0.19685 0.275591 -0.937008 
vn -0.181102 0.188976 -0.968504 
vn -0.685039 0.582677 -0.440945 
vn -0.818898 0.362205 -0.440945 
vn -0.811024 0.464567 0.354331 
vn -0.818898 0.362205 -0.440945 
vn -0.937008 0.125984 0.322835 
vn 0.929134 -0.307087 0.204724 
vn 0.850394 -0.00787402 -0.519685 
vn 0.96063 0.0314961 0.283465 
vn -0.84252 -0.110236 -0.527559 
vn -0.724409 -0.330709 -0.606299 
vn -0.818898 -0.551181 0.149606 
vn -0.944882 -0.220472 0.251969 
vn -0.84252 -0.110236 -0.527559 
vn -0.818898 -0.551181 0.149606 
vn 0.661417 -0.228346 -0.716535 
vn 0.582677 -0.598425 -0.551181 
vn 0.220472 -0.708661 -0.669291 
vn 0.96063 0.0314961 0.283465 
vn 0.850394 0.228346 -0.472441 
vn 0.866142 0.370079 0.330709 
vn 0.850394 -0.00787402 -0.519685 
vn 0.771654 -0.23622 -0.590551 
vn 0.850394 -0.00787402 -0.519685 
vn 0.929134 -0.307087 0.204724 
vn 0.771654 -0.629921 0.0866142 
vn 0.771654 -0.23622 -0.590551 
vn 0.929134 -0.307087 0.204724 
vn 0.212598 -0.685039 -0.700787 
vn -0.0866142 -0.440945 -0.889764 
vn -0.023622 -0.755906 -0.653543 
vn 0.00787402 -0.653543 -0.755906 
vn -0.338583 -0.519685 -0.779528 
vn -0.566929 0.748031 0.338583 
vn -0.685039 0.582677 -0.440945 
vn -0.811024 0.464567 0.354331 
vn -0.0472441 0.0551181 -1 
vn -0.0472441 0.0708661 -1 
vn -0.740157 0.00787402 -0.669291 
vn 0.401575 0.023622 -0.913386 
vn 0.645669 0.023622 -0.76378 
vn -0.0472441 0.0787402 -0.992126 
vn -0.0472441 0.0708661 -1 
vn -0.732283 0.0314961 -0.685039 
vn -0.740157 0.00787402 -0.669291 
vn -0.0472441 0.0551181 -1 
vn -0.0472441 0.0629921 -1 
vn -0.0472441 0.0551181 -1 
vn -0.0472441 0.0551181 -1 
vn -0.0472441 0.0708661 -1 
vn -0.0472441 0.0551181 -1 
vn -0.0472441 0.0708661 -1 
vn -0.0314961 0.0866142 -0.992126 
vn 0.00787402 0.102362 -0.992126 
vn -0.0551181 0.0866142 -0.992126 
vn -0.0472441 0.0708661 -1 
vn -0.0393701 0.0551181 -1 
vn -0.0629921 0.0866142 -0.992126 
vn -0.0472441 0.0787402 -0.992126 
vn 0.401575 0.023622 -0.913386 
vn -0.102362 0.102362 -0.992126 
vn 0.244094 -0.566929 -0.787402 
vn 0.527559 -0.496063 -0.685039 
vn -0.212598 0.685039 -0.692913 
vn -0.015748 -0.685039 -0.732283 
vn 0.330709 -0.700787 -0.637795 
vn 0.598425 -0.425197 -0.677165 
vn 0.771654 -0.23622 -0.590551 
vn 0.771654 -0.629921 0.0866142 
vn 0.472441 -0.88189 -0.0472441 
vn 0.598425 -0.425197 -0.677165 
vn 0.771654 -0.629921 0.0866142 
vn 0.76378 0.456693 -0.456693 
vn 0.590551 0.653543 -0.464567 
vn 0.661417 0.677165 0.330709 
vn 0.866142 0.370079 0.330709 
vn 0.76378 0.456693 -0.456693 
vn 0.661417 0.677165 0.330709 
vn -0.283465 -0.692913 -0.661417 
vn -0.622047 -0.574803 -0.535433 
vn -0.779528 -0.181102 -0.590551 
vn -0.724409 -0.330709 -0.606299 
vn -0.519685 -0.488189 -0.700787 
vn -0.566929 -0.826772 0.00787402 
vn -0.818898 -0.551181 0.149606 
vn -0.724409 -0.330709 -0.606299 
vn -0.566929 -0.826772 0.00787402 
vn 0.992126 0.0708661 -0.125984 
vn 0.992126 0.11811 -0.0787402 
vn 0.692913 0.204724 -0.692913 
vn 0.716535 0.220472 -0.661417 
vn -0.0551181 0.0866142 -0.992126 
vn -0.0629921 0.0866142 -0.992126 
vn -0.0314961 -0.535433 -0.84252 
vn -0.0551181 0.0866142 -0.992126 
vn -0.0314961 -0.535433 -0.84252 
vn -0.0314961 0.0866142 -0.992126 
vn -0.0314961 -0.535433 -0.84252 
vn -0.251969 -0.614173 -0.748031 
vn -0.0314961 0.0866142 -0.992126 
vn -0.0314961 0.0866142 -0.992126 
vn 0.00787402 0.102362 -0.992126 
vn 0.811024 -0.425197 -0.401575 
vn 0.700787 -0.708661 -0.0629921 
vn 0.984252 -0.133858 -0.125984 
vn 0.748031 -0.535433 -0.401575 
vn 0.984252 -0.133858 -0.125984 
vn 0.700787 -0.708661 -0.0629921 
vn -0.125984 -0.755906 -0.637795 
vn -0.023622 -0.755906 -0.653543 
vn -0.338583 -0.519685 -0.779528 
vn -0.125984 -0.755906 -0.637795 
vn 0.212598 -0.685039 -0.700787 
vn -0.023622 -0.755906 -0.653543 
vn -0.251969 -0.614173 -0.748031 
vn -0.559055 -0.511811 -0.653543 
vn 0.00787402 0.102362 -0.992126 
vn 0.00787402 0.102362 -0.992126 
vn -0.559055 -0.511811 -0.653543 
vn -0.685039 0.023622 -0.724409 
vn -0.0629921 0.0866142 -0.992126 
vn -0.102362 0.102362 -0.992126 
vn 0.11811 -0.448819 -0.889764 
vn -0.0629921 0.0866142 -0.992126 
vn 0.11811 -0.448819 -0.889764 
vn -0.0314961 -0.535433 -0.84252 
vn -0.212598 0.944882 0.259843 
vn -0.464567 0.740157 -0.480315 
vn -0.566929 0.748031 0.338583 
vn -0.464567 0.740157 -0.480315 
vn -0.685039 0.582677 -0.440945 
vn -0.566929 0.748031 0.338583 
vn -0.102362 0.102362 -0.992126 
vn 0.716535 0.015748 -0.700787 
vn 0.464567 -0.519685 -0.716535 
vn -0.0472441 0.0708661 -1 
vn 0.00787402 0.102362 -0.992126 
vn -0.732283 0.0314961 -0.685039 
vn -0.0472441 0.0787402 -0.992126 
vn 0.645669 0.023622 -0.76378 
vn -0.102362 0.102362 -0.992126 
vn -0.102362 0.102362 -0.992126 
vn 0.464567 -0.519685 -0.716535 
vn 0.11811 -0.448819 -0.889764 
vn -0.559055 -0.511811 -0.653543 
vn -0.84252 -0.251969 -0.480315 
vn -0.685039 0.023622 -0.724409 
vn 0.00787402 0.102362 -0.992126 
vn -0.685039 0.023622 -0.724409 
vn -0.732283 0.0314961 -0.685039 
vn 0.645669 0.023622 -0.76378 
vn 0.716535 0.015748 -0.700787 
vn -0.102362 0.102362 -0.992126 
vn 0.716535 0.015748 -0.700787 
vn 0.787402 -0.228346 -0.574803 
vn 0.464567 -0.519685 -0.716535 
vn 0.661417 0.677165 0.330709 
vn 0.590551 0.653543 -0.464567 
vn 0.330709 0.897638 0.283465 
vn 0.346457 -0.535433 -0.771654 
vn 0.598425 -0.425197 -0.677165 
vn 0.472441 -0.88189 -0.0472441 
vn 0.0787402 -0.976378 -0.181102 
vn 0.346457 -0.535433 -0.771654 
vn 0.472441 -0.88189 -0.0472441 
vn -0.519685 -0.488189 -0.700787 
vn -0.251969 -0.551181 -0.795276 
vn -0.19685 -0.968504 -0.133858 
vn -0.566929 -0.826772 0.00787402 
vn -0.519685 -0.488189 -0.700787 
vn -0.19685 -0.968504 -0.133858 
vn -0.362205 -0.267717 -0.889764 
vn -0.582677 -0.141732 -0.80315 
vn -0.559055 -0.511811 -0.653543 
vn 0.992126 0.11811 -0.0787402 
vn 0.897638 -0.377953 -0.23622 
vn 0.685039 0.110236 -0.724409 
vn 0.692913 0.204724 -0.692913 
vn -0.582677 -0.141732 -0.80315 
vn -0.84252 -0.251969 -0.480315 
vn -0.559055 -0.511811 -0.653543 
vn 0.228346 -0.259843 -0.937008 
vn 0.464567 -0.519685 -0.716535 
vn 0.496063 -0.125984 -0.858268 
vn 0.464567 -0.519685 -0.716535 
vn 0.787402 -0.228346 -0.574803 
vn 0.496063 -0.125984 -0.858268 
vn -0.692913 0.291339 -0.661417 
vn -0.267717 0.23622 -0.937008 
vn -0.267717 0.00787402 -0.96063 
vn -0.275591 0.724409 -0.629921 
vn -0.181102 0.811024 -0.559055 
vn -0.464567 0.740157 -0.480315 
vn -0.212598 0.944882 0.259843 
vn 0.19685 0.968504 0.133858 
vn -0.181102 0.811024 -0.559055 
vn -0.212598 0.944882 0.259843 
vn -0.76378 0.00787402 -0.645669 
vn -0.267717 0.00787402 -0.96063 
vn -0.307087 0 -0.952756 
vn -0.299213 -0.149606 -0.944882 
vn -0.283465 -0.692913 -0.661417 
vn -0.779528 -0.181102 -0.590551 
vn -0.779528 -0.181102 -0.590551 
vn -0.748031 0.11811 -0.645669 
vn -0.748031 0.11811 -0.645669 
vn -0.259843 0.0472441 -0.96063 
vn -0.299213 -0.149606 -0.944882 
vn 0.204724 0.732283 -0.645669 
vn 0.559055 0.653543 -0.511811 
vn 0.740157 0.322835 -0.590551 
vn -0.76378 0.00787402 -0.645669 
vn -0.692913 0.291339 -0.661417 
vn -0.267717 0.00787402 -0.96063 
vn -0.220472 0.968504 -0.110236 
vn -0.133858 0.976378 0.165354 
vn -0.708661 0.519685 -0.488189 
vn -0.622047 0.440945 0.645669 
vn -0.708661 0.519685 -0.488189 
vn -0.220472 0.968504 -0.110236 
vn -0.582677 0.771654 0.244094 
vn -0.700787 0.708661 -0.11811 
vn -0.96063 0.165354 -0.204724 
vn -0.92126 0.149606 -0.354331 
vn -0.976378 0.0787402 -0.19685 
vn -0.944882 0.251969 -0.204724 
vn -0.700787 0.188976 -0.692913 
vn -0.76378 -0.456693 -0.448819 
vn -0.748031 0.220472 -0.622047 
vn -0.96063 0.165354 -0.204724 
vn -0.732283 0.307087 -0.614173 
vn -0.944882 0.251969 -0.204724 
vn -0.80315 0.110236 -0.582677 
vn -0.992126 0.125984 0.00787402 
vn -0.755906 0.0314961 -0.653543 
vn -0.76378 0.00787402 -0.645669 
vn -0.307087 0 -0.952756 
vn -0.259843 0.0472441 -0.96063 
vn -0.748031 0.11811 -0.645669 
vn -0.755906 0.0314961 -0.653543 
vn 0.338583 0.787402 -0.519685 
vn 0.0472441 0.80315 -0.598425 
vn -0.0787402 0.976378 0.181102 
vn 0.330709 0.897638 0.283465 
vn 0.338583 0.787402 -0.519685 
vn -0.0787402 0.976378 0.181102 
vn 0.748031 0.165354 -0.645669 
vn 0.968504 0.188976 -0.165354 
vn 0.850394 -0.165354 -0.503937 
vn 0.212598 0.96063 0.173228 
vn 0.125984 0.984252 -0.11811 
vn 0.653543 0.472441 0.598425 
vn 0.661417 0.480315 -0.574803 
vn 0.204724 0.732283 -0.645669 
vn 0.661417 0.480315 -0.574803 
vn -0.692913 0.291339 -0.661417 
vn -0.590551 0.637795 -0.496063 
vn -0.275591 0.724409 -0.629921 
vn 0.0629921 -0.519685 -0.850394 
vn 0.346457 -0.535433 -0.771654 
vn 0.0787402 -0.976378 -0.181102 
vn -0.330709 -0.897638 -0.283465 
vn 0.0629921 -0.519685 -0.850394 
vn 0.0787402 -0.976378 -0.181102 
vn 0.968504 0.173228 -0.165354 
vn 0.968504 0.188976 -0.165354 
vn 0.748031 0.165354 -0.645669 
vn 0.968504 0.173228 -0.165354 
vn 0.992126 0.0708661 -0.125984 
vn 0.716535 0.220472 -0.661417 
vn 0.787402 0.275591 -0.551181 
vn 0.968504 0.188976 -0.165354 
vn 0.417323 -0.677165 -0.606299 
vn 0.748031 0.165354 -0.645669 
vn 0.708661 -0.181102 -0.677165 
vn -0.251969 -0.551181 -0.795276 
vn 0.023622 -0.488189 -0.874016 
vn 0.212598 -0.944882 -0.259843 
vn -0.19685 -0.968504 -0.133858 
vn -0.251969 -0.551181 -0.795276 
vn 0.212598 -0.944882 -0.259843 
vn 0.748031 0.165354 -0.645669 
vn 0.992126 0.0708661 -0.125984 
vn 0.968504 0.173228 -0.165354 
vn -0.275591 0.724409 -0.629921 
vn -0.220472 0.968504 -0.110236 
vn -0.708661 0.519685 -0.488189 
vn -0.275591 0.724409 -0.629921 
vn -0.700787 0.708661 -0.11811 
vn -0.76378 -0.456693 -0.448819 
vn -0.976378 0.0787402 -0.19685 
vn -0.92126 0.149606 -0.354331 
vn 0.0944882 0.748031 -0.661417 
vn -0.181102 0.811024 -0.559055 
vn 0.19685 0.968504 0.133858 
vn 0.566929 0.826772 -0.00787402 
vn 0.0944882 0.748031 -0.661417 
vn 0.19685 0.968504 0.133858 
vn -0.944882 0.251969 -0.204724 
vn -0.992126 0.125984 0.00787402 
vn -0.92126 0.149606 -0.354331 
vn -0.96063 -0.259843 -0.023622 
vn -0.535433 -0.84252 0.023622 
vn -0.913386 -0.212598 -0.338583 
vn -0.582677 -0.708661 -0.401575 
vn -0.76378 -0.456693 -0.448819 
vn -0.92126 0.149606 -0.354331 
vn 0.0472441 0.80315 -0.598425 
vn -0.212598 0.685039 -0.692913 
vn -0.472441 0.88189 0.0472441 
vn -0.0787402 0.976378 0.181102 
vn 0.0472441 0.80315 -0.598425 
vn -0.472441 0.88189 0.0472441 
vn -0.535433 -0.84252 0.023622 
vn -0.96063 -0.259843 -0.023622 
vn -0.787402 -0.527559 -0.307087 
vn 0.165354 -0.204724 -0.96063 
vn 0.220472 -0.708661 -0.669291 
vn 0.692913 -0.417323 -0.590551 
vn -0.283465 -0.692913 -0.661417 
vn -0.299213 -0.149606 -0.944882 
vn -0.622047 -0.425197 -0.661417 
vn -0.181102 -0.401575 -0.897638 
vn 0.0629921 -0.519685 -0.850394 
vn -0.330709 -0.897638 -0.283465 
vn -0.661417 -0.677165 -0.330709 
vn -0.181102 -0.401575 -0.897638 
vn -0.330709 -0.897638 -0.283465 
vn -0.88189 0.204724 -0.425197 
vn -0.96063 0.102362 -0.267717 
vn -0.88189 -0.0393701 -0.472441 
vn -0.889764 0.385827 -0.228346 
vn -0.96063 0.102362 -0.267717 
vn -0.92126 -0.181102 -0.330709 
vn -0.88189 -0.0393701 -0.472441 
vn 0.023622 -0.488189 -0.874016 
vn 0.244094 -0.330709 -0.913386 
vn 0.566929 -0.748031 -0.338583 
vn 0.212598 -0.944882 -0.259843 
vn 0.023622 -0.488189 -0.874016 
vn 0.566929 -0.748031 -0.338583 
vn -0.19685 -0.771654 -0.598425 
vn -0.291339 -0.740157 -0.606299 
vn -0.370079 -0.267717 -0.889764 
vn -0.0393701 -0.96063 -0.259843 
vn -0.795276 0.440945 -0.409449 
vn -0.889764 0.385827 -0.228346 
vn -0.88189 0.204724 -0.425197 
vn 0.0866142 -0.976378 -0.204724 
vn 0.417323 -0.677165 -0.606299 
vn 0.0314961 -0.952756 -0.299213 
vn 0.212598 -0.787402 -0.574803 
vn 0.968504 0.188976 -0.165354 
vn 0.850394 -0.165354 -0.503937 
vn -0.267717 -0.96063 -0.102362 
vn -0.370079 -0.858268 -0.362205 
vn -0.291339 -0.740157 -0.606299 
vn -0.692913 -0.370079 -0.614173 
vn -0.732283 -0.0629921 -0.677165 
vn -0.291339 -0.740157 -0.606299 
vn 0.850394 -0.102362 -0.511811 
vn 0.944882 -0.0708661 -0.330709 
vn 0.874016 0.141732 -0.456693 
vn 0.874016 0.141732 -0.456693 
vn 0.937008 0.220472 -0.275591 
vn 0.811024 0.385827 -0.433071 
vn 0.944882 -0.0708661 -0.330709 
vn 0.874016 0.141732 -0.456693 
vn 0.299213 0.574803 -0.755906 
vn 0.0944882 0.748031 -0.661417 
vn 0.566929 0.826772 -0.00787402 
vn 0.818898 0.551181 -0.149606 
vn 0.299213 0.574803 -0.755906 
vn 0.566929 0.826772 -0.00787402 
vn -0.267717 -0.96063 -0.102362 
vn -0.535433 -0.84252 0.023622 
vn -0.370079 -0.858268 -0.362205 
vn -0.472441 0.88189 0.0472441 
vn -0.212598 0.685039 -0.692913 
vn -0.771654 0.629921 -0.0866142 
vn -0.212598 0.685039 -0.692913 
vn -0.385827 0.488189 -0.779528 
vn -0.771654 0.629921 -0.0866142 
vn -0.92126 -0.181102 -0.330709 
vn -0.787402 -0.448819 -0.433071 
vn -0.787402 -0.275591 -0.551181 
vn -0.88189 -0.0393701 -0.472441 
vn -0.92126 -0.181102 -0.330709 
vn -0.787402 -0.275591 -0.551181 
vn 0.732283 -0.322835 -0.590551 
vn 0.84252 -0.346457 -0.417323 
vn 0.850394 -0.102362 -0.511811 
vn 0.84252 -0.346457 -0.417323 
vn 0.944882 -0.0708661 -0.330709 
vn 0.850394 -0.102362 -0.511811 
vn -0.724409 0.645669 -0.23622 
vn -0.889764 0.385827 -0.228346 
vn -0.795276 0.440945 -0.409449 
vn -0.622047 0.653543 -0.425197 
vn -0.724409 0.645669 -0.23622 
vn -0.795276 0.440945 -0.409449 
vn -0.913386 -0.212598 -0.338583 
vn -0.535433 -0.84252 0.023622 
vn -0.267717 -0.96063 -0.102362 
vn -0.354331 -0.212598 -0.913386 
vn -0.181102 -0.401575 -0.897638 
vn -0.661417 -0.677165 -0.330709 
vn -0.866142 -0.370079 -0.330709 
vn -0.354331 -0.212598 -0.913386 
vn -0.661417 -0.677165 -0.330709 
vn 0.811024 0.385827 -0.433071 
vn 0.834646 0.496063 -0.251969 
vn 0.669291 0.606299 -0.433071 
vn 0.937008 0.220472 -0.275591 
vn 0.811024 0.385827 -0.433071 
vn 0.700787 -0.708661 -0.0629921 
vn 0.322835 -0.937008 -0.11811 
vn 0.748031 -0.535433 -0.401575 
vn 0.322835 -0.937008 -0.11811 
vn 0.700787 -0.708661 -0.0629921 
vn 0.811024 -0.425197 -0.401575 
vn -0.992126 0.125984 0.00787402 
vn -0.700787 -0.165354 -0.692913 
vn -0.92126 0.149606 -0.354331 
vn 0.834646 0.496063 -0.251969 
vn 0.629921 0.732283 -0.259843 
vn 0.669291 0.606299 -0.433071 
vn 0.244094 -0.330709 -0.913386 
vn 0.377953 -0.11811 -0.913386 
vn 0.811024 -0.464567 -0.354331 
vn 0.566929 -0.748031 -0.338583 
vn 0.244094 -0.330709 -0.913386 
vn 0.811024 -0.464567 -0.354331 
vn -0.771654 0.629921 -0.0866142 
vn -0.385827 0.488189 -0.779528 
vn -0.929134 0.307087 -0.204724 
vn 0.637795 -0.574803 -0.519685 
vn 0.84252 -0.346457 -0.417323 
vn 0.732283 -0.322835 -0.590551 
vn 0.527559 -0.496063 -0.685039 
vn 0.637795 -0.574803 -0.519685 
vn 0.732283 -0.322835 -0.590551 
vn -0.96063 -0.0314961 -0.283465 
vn -0.448819 0.015748 -0.889764 
vn -0.866142 -0.370079 -0.330709 
vn -0.448819 0.015748 -0.889764 
vn -0.354331 -0.212598 -0.913386 
vn -0.866142 -0.370079 -0.330709 
vn -0.787402 -0.448819 -0.433071 
vn -0.535433 -0.637795 -0.551181 
vn -0.606299 -0.464567 -0.645669 
vn -0.787402 -0.275591 -0.551181 
vn -0.787402 -0.448819 -0.433071 
vn -0.606299 -0.464567 -0.645669 
vn 0.417323 0.354331 -0.834646 
vn 0.299213 0.574803 -0.755906 
vn 0.818898 0.551181 -0.149606 
vn 0.944882 0.220472 -0.251969 
vn 0.417323 0.354331 -0.834646 
vn 0.818898 0.551181 -0.149606 
vn -0.385827 0.488189 -0.779528 
vn -0.464567 0.251969 -0.850394 
vn -0.929134 0.307087 -0.204724 
vn -0.929134 0.307087 -0.204724 
vn -0.96063 -0.0314961 -0.283465 
vn -0.464567 0.251969 -0.850394 
vn -0.448819 0.015748 -0.889764 
vn -0.96063 -0.0314961 -0.283465 
vn 0.897638 -0.377953 -0.23622 
vn 0.992126 0.11811 -0.0787402 
vn 0.708661 -0.181102 -0.677165 
vn 0.992126 0.0708661 -0.125984 
vn -0.456693 0.84252 -0.283465 
vn -0.724409 0.645669 -0.23622 
vn -0.622047 0.653543 -0.425197 
vn -0.370079 0.795276 -0.480315 
vn -0.456693 0.84252 -0.283465 
vn -0.622047 0.653543 -0.425197 
vn 0.811024 -0.464567 -0.354331 
vn 0.377953 -0.11811 -0.913386 
vn 0.937008 -0.125984 -0.322835 
vn 0.440945 0.11811 -0.889764 
vn 0.417323 0.354331 -0.834646 
vn 0.944882 0.220472 -0.251969 
vn 0.937008 -0.125984 -0.322835 
vn 0.440945 0.11811 -0.889764 
vn 0.944882 0.220472 -0.251969 
vn 0.377953 -0.11811 -0.913386 
vn -0.992126 0.125984 0.00787402 
vn -0.913386 -0.377953 -0.173228 
vn -0.700787 -0.165354 -0.692913 
vn -0.267717 0.23622 -0.937008 
vn -0.275591 0.724409 -0.629921 
vn -0.708661 0.519685 -0.488189 
vn 0.629921 0.732283 -0.259843 
vn 0.322835 0.889764 -0.322835 
vn 0.433071 0.771654 -0.472441 
vn 0.669291 0.606299 -0.433071 
vn 0.629921 0.732283 -0.259843 
vn 0.433071 0.771654 -0.472441 
vn 0.330709 -0.700787 -0.637795 
vn 0.637795 -0.574803 -0.519685 
vn 0.527559 -0.496063 -0.685039 
vn 0.244094 -0.566929 -0.787402 
vn 0.330709 -0.700787 -0.637795 
vn 0.527559 -0.496063 -0.685039 
vn -0.535433 -0.637795 -0.551181 
vn -0.212598 -0.716535 -0.669291 
vn -0.346457 -0.566929 -0.748031 
vn -0.606299 -0.464567 -0.645669 
vn -0.535433 -0.637795 -0.551181 
vn -0.346457 -0.566929 -0.748031 
vn -0.11811 0.92126 -0.377953 
vn -0.456693 0.84252 -0.283465 
vn -0.370079 0.795276 -0.480315 
vn -0.0787402 0.818898 -0.574803 
vn -0.11811 0.92126 -0.377953 
vn -0.370079 0.795276 -0.480315 
vn 0.322835 0.889764 -0.322835 
vn -0.023622 0.905512 -0.417323 
vn 0.141732 0.826772 -0.543307 
vn 0.433071 0.771654 -0.472441 
vn 0.322835 0.889764 -0.322835 
vn 0.141732 0.826772 -0.543307 
vn 0.496063 -0.125984 -0.858268 
vn 0.787402 -0.228346 -0.574803 
vn 0.716535 0.015748 -0.700787 
vn 0.275591 0.0866142 -0.952756 
vn 0.496063 -0.125984 -0.858268 
vn 0.716535 0.015748 -0.700787 
vn 0.165354 -0.204724 -0.96063 
vn 0.692913 -0.417323 -0.590551 
vn 0.173228 0.00787402 -0.984252 
vn 0.165354 -0.204724 -0.96063 
vn 0.661417 -0.228346 -0.716535 
vn 0.661417 -0.228346 -0.716535 
vn 0.220472 -0.708661 -0.669291 
vn 0.748031 0.0472441 -0.661417 
vn 0.661417 -0.228346 -0.716535 
vn 0.220472 0.023622 -0.976378 
vn 0.740157 0.0393701 -0.669291 
vn 0.692913 -0.417323 -0.590551 
vn 0.393701 0.0472441 -0.92126 
vn 0.220472 0.023622 -0.976378 
vn 0.204724 -0.00787402 -0.976378 
vn 0.220472 0.023622 -0.976378 
vn 0.724409 -0.00787402 -0.692913 
vn 0.165354 0.165354 -0.968504 
vn 0.661417 0.480315 -0.574803 
vn 0.165354 0.165354 -0.968504 
vn 0.740157 0.322835 -0.590551 
vn 0.204724 0.732283 -0.645669 
vn 0.740157 0.322835 -0.590551 
vn 0.204724 0.732283 -0.645669 
vn 0.661417 0.480315 -0.574803 
vn -0.0393701 -0.511811 -0.858268 
vn -0.015748 -0.685039 -0.732283 
vn 0.244094 -0.566929 -0.787402 
vn -0.307087 0 -0.952756 
vn -0.267717 0.00787402 -0.96063 
vn -0.685039 0.0787402 -0.724409 
vn -0.622047 0.0551181 -0.779528 
vn -0.685039 0.023622 -0.724409 
vn -0.582677 -0.141732 -0.80315 
vn -0.84252 -0.251969 -0.480315 
vn -0.582677 -0.141732 -0.80315 
vn -0.267717 0.23622 -0.937008 
vn -0.708661 0.519685 -0.488189 
vn -0.267717 0.00787402 -0.96063 
vn -0.685039 0.0787402 -0.724409 
vn -0.259843 0.0472441 -0.96063 
vn -0.307087 0 -0.952756 
vn -0.685039 0.0787402 -0.724409 
vn -0.622047 -0.425197 -0.661417 
vn -0.259843 0.0472441 -0.96063 
vn -0.708661 0.519685 -0.488189 
vn -0.685039 0.0787402 -0.724409 
vn -0.267717 0.00787402 -0.96063 
vn 0.850394 -0.165354 -0.503937 
vn 0.417323 -0.677165 -0.606299 
vn 0.377953 -0.472441 -0.795276 
vn -0.622047 -0.425197 -0.661417 
vn -0.299213 -0.149606 -0.944882 
vn -0.259843 0.0472441 -0.96063 
vn -0.212598 -0.716535 -0.669291 
vn 0.11811 -0.645669 -0.755906 
vn -0.0551181 -0.543307 -0.834646 
vn -0.346457 -0.566929 -0.748031 
vn -0.212598 -0.716535 -0.669291 
vn -0.0551181 -0.543307 -0.834646 
vn -0.448819 0.740157 -0.503937 
vn -0.858268 -0.023622 -0.503937 
vn -0.952756 0.181102 -0.251969 
vn -0.314961 0.913386 -0.251969 
vn -0.338583 0.425197 -0.84252 
vn -0.535433 -0.0787402 -0.84252 
vn 0 0 -1 
vn 0.519685 0.0551181 -0.850394 
vn 0.645669 0.023622 -0.76378 
vn 0.519685 0.00787402 -0.850394 
vn 0.401575 0.023622 -0.913386 
vn 0.519685 0.00787402 -0.850394 
vn -0.0708661 -0.976378 -0.220472 
vn -0.0472441 -0.976378 -0.220472 
vn -0.76378 -0.456693 -0.448819 
vn -0.0708661 -0.976378 -0.220472 
vn -0.11811 -0.84252 -0.527559 
vn -0.19685 -0.771654 -0.598425 
vn -0.228346 -0.291339 -0.929134 
vn 0.212598 0.84252 -0.496063 
vn -0.11811 0.92126 -0.377953 
vn -0.0787402 0.818898 -0.574803 
vn 0.188976 0.708661 -0.677165 
vn 0.212598 0.84252 -0.496063 
vn -0.0787402 0.818898 -0.574803 
vn 0.716535 0.015748 -0.700787 
vn 0.645669 0.023622 -0.76378 
vn 0.519685 0.0551181 -0.850394 
vn 0.275591 0.0866142 -0.952756 
vn 0.716535 0.015748 -0.700787 
vn 0.519685 0.0551181 -0.850394 
vn -0.023622 0.905512 -0.417323 
vn -0.338583 0.771654 -0.535433 
vn -0.149606 0.755906 -0.645669 
vn 0.141732 0.826772 -0.543307 
vn -0.023622 0.905512 -0.417323 
vn -0.149606 0.755906 -0.645669 
vn -0.314961 -0.535433 -0.787402 
vn -0.015748 -0.685039 -0.732283 
vn -0.0393701 -0.511811 -0.858268 
vn -0.275591 -0.362205 -0.889764 
vn -0.314961 -0.535433 -0.787402 
vn -0.0393701 -0.511811 -0.858268 
vn -0.732283 0.0314961 -0.685039 
vn -0.685039 0.023622 -0.724409 
vn -0.622047 0.0551181 -0.779528 
vn -0.629921 0.0393701 -0.779528 
vn -0.732283 0.0314961 -0.685039 
vn -0.622047 0.0551181 -0.779528 
vn -0.740157 0.00787402 -0.669291 
vn -0.732283 0.0314961 -0.685039 
vn -0.629921 0.0393701 -0.779528 
vn -0.629921 0.023622 -0.779528 
vn -0.740157 0.00787402 -0.669291 
vn 0.11811 -0.645669 -0.755906 
vn 0.385827 -0.456693 -0.80315 
vn 0.19685 -0.409449 -0.889764 
vn -0.0551181 -0.543307 -0.834646 
vn 0.11811 -0.645669 -0.755906 
vn 0.19685 -0.409449 -0.889764 
vn -0.535433 -0.84252 0.023622 
vn -0.787402 -0.527559 -0.307087 
vn -0.370079 -0.858268 -0.362205 
vn -0.692913 -0.370079 -0.614173 
vn 0.464567 0.637795 -0.614173 
vn 0.212598 0.84252 -0.496063 
vn 0.188976 0.708661 -0.677165 
vn 0.377953 0.511811 -0.771654 
vn 0.464567 0.637795 -0.614173 
vn 0.188976 0.708661 -0.677165 
vn -0.338583 0.771654 -0.535433 
vn -0.551181 0.535433 -0.637795 
vn -0.362205 0.574803 -0.740157 
vn -0.149606 0.755906 -0.645669 
vn -0.338583 0.771654 -0.535433 
vn -0.362205 0.574803 -0.740157 
vn -0.519685 -0.299213 -0.795276 
vn -0.314961 -0.535433 -0.787402 
vn -0.275591 -0.362205 -0.889764 
vn -0.425197 -0.149606 -0.889764 
vn -0.519685 -0.299213 -0.795276 
vn -0.275591 -0.362205 -0.889764 
vn -0.251969 -0.755906 -0.606299 
vn -0.0708661 -0.976378 -0.220472 
vn -0.582677 -0.708661 -0.401575 
vn -0.267717 -0.96063 -0.102362 
vn -0.0393701 -0.96063 -0.259843 
vn -0.251969 -0.755906 -0.606299 
vn -0.291339 -0.740157 -0.606299 
vn 0.19685 -0.409449 -0.889764 
vn 0.385827 -0.456693 -0.80315 
vn 0.370079 -0.212598 -0.905512 
vn 0.385827 -0.456693 -0.80315 
vn 0.551181 -0.204724 -0.811024 
vn 0.370079 -0.212598 -0.905512 
vn 0.0866142 -0.976378 -0.204724 
vn 0.322835 -0.937008 -0.11811 
vn 0.811024 -0.425197 -0.401575 
vn 0.748031 -0.535433 -0.401575 
vn -0.629921 -0.0314961 -0.771654 
vn -0.519685 -0.299213 -0.795276 
vn -0.425197 -0.149606 -0.889764 
vn -0.551181 0.535433 -0.637795 
vn -0.645669 0.259843 -0.724409 
vn -0.472441 0.338583 -0.811024 
vn -0.362205 0.574803 -0.740157 
vn -0.551181 0.535433 -0.637795 
vn -0.472441 0.338583 -0.811024 
vn -0.0708661 -0.976378 -0.220472 
vn -0.76378 -0.456693 -0.448819 
vn -0.582677 -0.708661 -0.401575 
vn -0.488189 0.0944882 -0.866142 
vn -0.629921 -0.0314961 -0.771654 
vn -0.425197 -0.149606 -0.889764 
vn -0.645669 0.259843 -0.724409 
vn 0.598425 0.370079 -0.708661 
vn 0.464567 0.637795 -0.614173 
vn 0.377953 0.511811 -0.771654 
vn 0.417323 -0.677165 -0.606299 
vn 0.0866142 -0.976378 -0.204724 
vn 0.377953 -0.472441 -0.795276 
vn -0.0472441 -0.598425 -0.795276 
vn -0.76378 -0.456693 -0.448819 
vn -0.0472441 -0.976378 -0.220472 
vn -0.472441 0.338583 -0.811024 
vn -0.645669 0.259843 -0.724409 
vn -0.488189 0.0944882 -0.866142 
vn -0.913386 -0.212598 -0.338583 
vn -0.267717 -0.96063 -0.102362 
vn -0.251969 -0.755906 -0.606299 
vn 0.377953 -0.472441 -0.795276 
vn 0.0866142 -0.976378 -0.204724 
vn 0.811024 -0.425197 -0.401575 
vn -0.0393701 -0.96063 -0.259843 
vn -0.0708661 -0.976378 -0.220472 
vn -0.251969 -0.755906 -0.606299 
vn -0.19685 -0.771654 -0.598425 
vn 0.464567 0.275591 -0.84252 
vn 0.598425 0.370079 -0.708661 
vn 0.377953 0.511811 -0.771654 
vn 0.629921 0.0787402 -0.771654 
vn 0.464567 0.275591 -0.84252 
vn 0.370079 -0.212598 -0.905512 
vn 0.551181 -0.204724 -0.811024 
vn 0.456693 0.0314961 -0.889764 
vn 0.551181 -0.204724 -0.811024 
vn 0.629921 0.0787402 -0.771654 
vn 0.456693 0.0314961 -0.889764 
vn 0.456693 0.0314961 -0.889764 
vn 0.629921 0.0787402 -0.771654 
vn 0.464567 0.275591 -0.84252 
vn 0.858268 0.023622 -0.503937 
vn 0.409449 0.755906 -0.503937 
vn 0.629921 0.732283 -0.251969 
vn 0.952756 -0.181102 -0.251969 
vn 0.535433 0.0787402 -0.84252 
vn 0.19685 0.503937 -0.84252 
vn 0 0 -1 
vn 0.629921 0.732283 -0.251969 
vn 0.409449 0.755906 -0.503937 
vn -0.314961 0.913386 -0.251969 
vn -0.448819 0.740157 -0.503937 
vn 0.19685 0.503937 -0.84252 
vn -0.338583 0.425197 -0.84252 
vn 0 0 -1 

vt 0.014928 0.973641 
vt 0.01488 0.968028 
vt 0.037072 0.974135 
vt 0.996868 0.973641 
vt 0.972076 0.970794 
vt 0.971728 0.965182 
vt 0.99682 0.968028 
vt 0.996868 0.973641 
vt 0.090011 0.970415 
vt 0.090633 0.964839 
vt 0.142076 0.969875 
vt 0.580665 0.390954 
vt 0.5841 0.390954 
vt 0.5841 0.394388 
vt 0.580665 0.394388 
vt 0.580665 0.38752 
vt 0.5841 0.38752 
vt 0.582383 0.384085 
vt 0.189708 0.963594 
vt 0.187569 0.969219 
vt 0.142727 0.96428 
vt 0.862711 0.971954 
vt 0.821628 0.971951 
vt 0.819491 0.966324 
vt 0.01488 0.968028 
vt 0.037296 0.96395 
vt 0.037072 0.974135 
vt 0.204833 0.336071 
vt 0.195001 0.42102 
vt 0.240148 0.413437 
vt 0.272931 0.08309 
vt 0.245683 0.053855 
vt 0.306895 0.129192 
vt 0.305719 0.335121 
vt 0.259017 0.342109 
vt 0.271387 0.38692 
vt 0.240148 0.413437 
vt 0.271387 0.38692 
vt 0.265771 0.269361 
vt 0.321802 0.266511 
vt 0.305719 0.335121 
vt 0.266059 0.235082 
vt 0.321987 0.23413 
vt 0.322194 0.197868 
vt 0.20541 0.235047 
vt 0.205225 0.267428 
vt 0.204833 0.336071 
vt 0.240148 0.413437 
vt 0.125812 0.235797 
vt 0.266381 0.196693 
vt 0.322194 0.197868 
vt 0.260845 0.124106 
vt 0.306895 0.129192 
vt 0.245683 0.053855 
vt 0.245683 0.053855 
vt 0.202884 0.040748 
vt 0.205617 0.198785 
vt 0.125235 0.33682 
vt 0.13473 0.421572 
vt 0.195001 0.42102 
vt 0.206008 0.130142 
vt 0.202884 0.040748 
vt 0.138407 0.04555 
vt 0.126411 0.130892 
vt 0.138407 0.04555 
vt 0.138407 0.04555 
vt 0.097837 0.074163 
vt 0.126019 0.199535 
vt 0.050032 0.131611 
vt 0.097837 0.074163 
vt 0.022649 0.236019 
vt 0.022856 0.199757 
vt 0.022649 0.236019 
vt 0.050032 0.131611 
vt 0.125627 0.268177 
vt 0.022464 0.2684 
vt 0.125235 0.33682 
vt 0.195001 0.42102 
vt 0.022464 0.2684 
vt 0.048857 0.33754 
vt 0.13473 0.421572 
vt 0.089575 0.390996 
vt 0.037072 0.974135 
vt 0.037296 0.96395 
vt 0.090011 0.970415 
vt 0.289153 0.965925 
vt 0.285828 0.971647 
vt 0.249487 0.963595 
vt 0.760519 0.965827 
vt 0.763497 0.971453 
vt 0.720591 0.971454 
vt 0.285828 0.971647 
vt 0.246602 0.96922 
vt 0.249487 0.963595 
vt 0.500522 0.16551 
vt 0.501011 0.163696 
vt 0.50295 0.163252 
vt 0.514648 0.158266 
vt 0.51764 0.158768 
vt 0.518354 0.16057 
vt 0.327141 0.963384 
vt 0.323576 0.969214 
vt 0.289153 0.965925 
vt 0.285828 0.971647 
vt 0.720591 0.971454 
vt 0.684454 0.971457 
vt 0.680692 0.965625 
vt 0.55495 0.163251 
vt 0.556856 0.163704 
vt 0.557319 0.165512 
vt 0.385004 0.969209 
vt 0.323576 0.969214 
vt 0.327141 0.963384 
vt 0.923882 0.899428 
vt 0.97173 0.898532 
vt 0.971402 0.914057 
vt 0.918368 0.885344 
vt 0.462246 0.973065 
vt 0.385004 0.969209 
vt 0.387981 0.963377 
vt 0.514647 0.160485 
vt 0.514648 0.158266 
vt 0.518354 0.16057 
vt 0.517928 0.218322 
vt 0.503129 0.308303 
vt 0.500714 0.308251 
vt 0.500359 0.257289 
vt 0.503166 0.310573 
vt 0.463585 0.967234 
vt 0.462246 0.973065 
vt 0.387981 0.963377 
vt 0.517855 0.228247 
vt 0.51775 0.24245 
vt 0.514168 0.228232 
vt 0.517855 0.228247 
vt 0.514238 0.218296 
vt 0.517928 0.218322 
vt 0.517928 0.218322 
vt 0.514647 0.160485 
vt 0.51775 0.24245 
vt 0.514067 0.242449 
vt 0.514168 0.228232 
vt 0.515304 0.336446 
vt 0.503166 0.310573 
vt 0.501214 0.31009 
vt 0.500714 0.308251 
vt 0.515304 0.336446 
vt 0.511587 0.336251 
vt 0.514067 0.242449 
vt 0.442779 0.159807 
vt 0.443505 0.158005 
vt 0.446488 0.157565 
vt 0.015141 0.713005 
vt 0.014964 0.692216 
vt 0.03933 0.713009 
vt 0.037264 0.771464 
vt 0.014663 0.77146 
vt 0.038084 0.831574 
vt 0.014898 0.83157 
vt 0.037994 0.846603 
vt 0.014896 0.846747 
vt 0.03777 0.883937 
vt 0.014891 0.884447 
vt 0.036833 0.897898 
vt 0.014631 0.898536 
vt 0.037601 0.913285 
vt 0.014887 0.914062 
vt 0.037601 0.913285 
vt 0.037296 0.96395 
vt 0.01488 0.968028 
vt 0.501351 0.973611 
vt 0.462246 0.973065 
vt 0.463585 0.967234 
vt 0.501597 0.96778 
vt 0.544448 0.963362 
vt 0.545471 0.969194 
vt 0.501351 0.973611 
vt 0.62398 0.971462 
vt 0.62116 0.96563 
vt 0.502934 0.165491 
vt 0.554964 0.165492 
vt 0.502774 0.199018 
vt 0.55495 0.163251 
vt 0.50295 0.163252 
vt 0.554787 0.208266 
vt 0.554787 0.208266 
vt 0.55502 0.233453 
vt 0.502934 0.165491 
vt 0.500522 0.16551 
vt 0.50295 0.163252 
vt 0.500363 0.199027 
vt 0.502738 0.219495 
vt 0.500326 0.219962 
vt 0.50277 0.257291 
vt 0.50277 0.257291 
vt 0.500359 0.257289 
vt 0.503129 0.308303 
vt 0.557376 0.234493 
vt 0.554787 0.208266 
vt 0.557158 0.25729 
vt 0.557142 0.209463 
vt 0.557376 0.234493 
vt 0.5548 0.257292 
vt 0.55754 0.308935 
vt 0.55754 0.308935 
vt 0.555226 0.30893 
vt 0.555199 0.31119 
vt 0.557319 0.165512 
vt 0.554964 0.165492 
vt 0.55495 0.163251 
vt 0.557142 0.209463 
vt 0.554787 0.208266 
vt 0.5548 0.257292 
vt 0.50277 0.257291 
vt 0.503129 0.308303 
vt 0.555226 0.30893 
vt 0.503129 0.308303 
vt 0.503166 0.310573 
vt 0.555199 0.31119 
vt 0.01516 0.518678 
vt 0.040056 0.518683 
vt 0.04023 0.549399 
vt 0.015383 0.431147 
vt 0.04002 0.431153 
vt 0.015274 0.549394 
vt 0.03993 0.576341 
vt 0.015243 0.576336 
vt 0.040186 0.619967 
vt 0.015399 0.619962 
vt 0.039592 0.681625 
vt 0.01522 0.68162 
vt 0.038725 0.692221 
vt 0.501597 0.96778 
vt 0.544448 0.963362 
vt 0.501351 0.973611 
vt 0.915146 0.69313 
vt 0.970306 0.692211 
vt 0.969996 0.713 
vt 0.915016 0.682534 
vt 0.969866 0.681615 
vt 0.970306 0.692211 
vt 0.9143 0.620875 
vt 0.96957 0.619957 
vt 0.913818 0.577249 
vt 0.909077 0.550307 
vt 0.969527 0.576331 
vt 0.96957 0.619957 
vt 0.970306 0.692211 
vt 0.997161 0.68162 
vt 0.996905 0.692216 
vt 0.99734 0.619962 
vt 0.969996 0.713 
vt 0.96957 0.619957 
vt 0.997082 0.713005 
vt 0.971316 0.771455 
vt 0.996604 0.77146 
vt 0.997183 0.576336 
vt 0.970886 0.831566 
vt 0.969527 0.576331 
vt 0.996839 0.83157 
vt 0.969259 0.549389 
vt 0.970982 0.846743 
vt 0.997214 0.549394 
vt 0.996837 0.846747 
vt 0.997101 0.518678 
vt 0.996831 0.884447 
vt 0.969223 0.518673 
vt 0.997324 0.431147 
vt 0.969723 0.431142 
vt 0.971221 0.884444 
vt 0.996572 0.898536 
vt 0.97173 0.898532 
vt 0.996827 0.914062 
vt 0.971402 0.914057 
vt 0.99682 0.968028 
vt 0.971728 0.965182 
vt 0.971402 0.914057 
vt 0.909077 0.550307 
vt 0.914357 0.51959 
vt 0.969259 0.549389 
vt 0.969527 0.576331 
vt 0.969223 0.518673 
vt 0.915645 0.432059 
vt 0.969723 0.431142 
vt 0.54227 0.315136 
vt 0.542946 0.313197 
vt 0.544832 0.312747 
vt 0.515304 0.336446 
vt 0.514596 0.339257 
vt 0.511536 0.339776 
vt 0.915335 0.708294 
vt 0.969996 0.713 
vt 0.971316 0.771455 
vt 0.915146 0.69313 
vt 0.577231 0.390954 
vt 0.580665 0.390954 
vt 0.580665 0.394388 
vt 0.577231 0.394388 
vt 0.577231 0.38752 
vt 0.580665 0.38752 
vt 0.578948 0.384085 
vt 0.519991 0.078418 
vt 0.519361 0.074233 
vt 0.516346 0.073055 
vt 0.511587 0.336251 
vt 0.515304 0.336446 
vt 0.511536 0.339776 
vt 0.03993 0.576341 
vt 0.04023 0.549399 
vt 0.096683 0.57728 
vt 0.096348 0.620906 
vt 0.040186 0.619967 
vt 0.096348 0.620906 
vt 0.095403 0.682563 
vt 0.039592 0.681625 
vt 0.040186 0.619967 
vt 0.097709 0.693159 
vt 0.097709 0.693159 
vt 0.094982 0.708322 
vt 0.03933 0.713009 
vt 0.092138 0.772402 
vt 0.037264 0.771464 
vt 0.09242 0.832511 
vt 0.03933 0.713009 
vt 0.038084 0.831574 
vt 0.09242 0.832511 
vt 0.092217 0.847534 
vt 0.037994 0.846603 
vt 0.091713 0.884854 
vt 0.03777 0.883937 
vt 0.089279 0.898811 
vt 0.036833 0.897898 
vt 0.091329 0.914192 
vt 0.037601 0.913285 
vt 0.091329 0.914192 
vt 0.090633 0.964839 
vt 0.037296 0.96395 
vt 0.090011 0.970415 
vt 0.037601 0.913285 
vt 0.090633 0.964839 
vt 0.091329 0.914192 
vt 0.142708 0.914423 
vt 0.142727 0.96428 
vt 0.090633 0.964839 
vt 0.142076 0.969875 
vt 0.544521 0.315148 
vt 0.537791 0.367119 
vt 0.54227 0.315136 
vt 0.544832 0.312747 
vt 0.535536 0.367135 
vt 0.537481 0.369517 
vt 0.040056 0.518683 
vt 0.095824 0.519623 
vt 0.096273 0.550338 
vt 0.04002 0.431153 
vt 0.094904 0.432093 
vt 0.917335 0.772376 
vt 0.971316 0.771455 
vt 0.970886 0.831566 
vt 0.915335 0.708294 
vt 0.446487 0.159784 
vt 0.446488 0.157565 
vt 0.514648 0.158266 
vt 0.514647 0.160485 
vt 0.446487 0.159784 
vt 0.514238 0.218296 
vt 0.917617 0.832486 
vt 0.917335 0.772376 
vt 0.970886 0.831566 
vt 0.970982 0.846743 
vt 0.917832 0.847657 
vt 0.971221 0.884444 
vt 0.918368 0.885344 
vt 0.97173 0.898532 
vt 0.447241 0.071002 
vt 0.44738 0.076227 
vt 0.516405 0.078245 
vt 0.516346 0.073055 
vt 0.094904 0.432093 
vt 0.140109 0.433099 
vt 0.143105 0.520716 
vt 0.095824 0.519623 
vt 0.143907 0.550991 
vt 0.096273 0.550338 
vt 0.144631 0.577546 
vt 0.095824 0.519623 
vt 0.55754 0.308935 
vt 0.557086 0.310749 
vt 0.555199 0.31119 
vt 0.511587 0.336251 
vt 0.44417 0.334421 
vt 0.514067 0.242449 
vt 0.444128 0.337908 
vt 0.511587 0.336251 
vt 0.511536 0.339776 
vt 0.44659 0.228095 
vt 0.514168 0.228232 
vt 0.446611 0.242431 
vt 0.446575 0.218077 
vt 0.514067 0.242449 
vt 0.44417 0.334421 
vt 0.446487 0.159784 
vt 0.514238 0.218296 
vt 0.514168 0.228232 
vt 0.859133 0.848531 
vt 0.858759 0.833785 
vt 0.917832 0.847657 
vt 0.918368 0.885344 
vt 0.917617 0.832486 
vt 0.859721 0.773674 
vt 0.860063 0.885161 
vt 0.923882 0.899428 
vt 0.86464 0.898881 
vt 0.918776 0.914948 
vt 0.860774 0.914 
vt 0.859721 0.773674 
vt 0.917335 0.772376 
vt 0.857224 0.695951 
vt 0.919515 0.966056 
vt 0.862065 0.966558 
vt 0.920284 0.971633 
vt 0.862711 0.971954 
vt 0.920284 0.971633 
vt 0.923882 0.899428 
vt 0.971402 0.914057 
vt 0.971728 0.965182 
vt 0.919515 0.966056 
vt 0.919515 0.966056 
vt 0.972076 0.970794 
vt 0.920284 0.971633 
vt 0.972076 0.970794 
vt 0.857224 0.695951 
vt 0.915335 0.708294 
vt 0.917335 0.772376 
vt 0.915146 0.69313 
vt 0.915016 0.682534 
vt 0.857228 0.622173 
vt 0.857228 0.622173 
vt 0.9143 0.620875 
vt 0.857316 0.576325 
vt 0.913818 0.577249 
vt 0.85639 0.55042 
vt 0.909077 0.550307 
vt 0.859042 0.520887 
vt 0.914357 0.51959 
vt 0.909077 0.550307 
vt 0.861586 0.433356 
vt 0.915645 0.432059 
vt 0.448437 0.311185 
vt 0.446552 0.310779 
vt 0.446176 0.308964 
vt 0.862065 0.966558 
vt 0.862711 0.971954 
vt 0.819491 0.966324 
vt 0.819491 0.966324 
vt 0.813757 0.912651 
vt 0.20286 0.707696 
vt 0.143833 0.696059 
vt 0.145255 0.622142 
vt 0.199629 0.77364 
vt 0.14158 0.77394 
vt 0.194635 0.830586 
vt 0.142678 0.834085 
vt 0.14158 0.77394 
vt 0.194075 0.845691 
vt 0.142683 0.848854 
vt 0.192685 0.883212 
vt 0.142697 0.885542 
vt 0.189788 0.897238 
vt 0.191627 0.912695 
vt 0.140385 0.899282 
vt 0.189788 0.897238 
vt 0.142697 0.885542 
vt 0.142708 0.914423 
vt 0.189708 0.963594 
vt 0.142727 0.96428 
vt 0.187569 0.969219 
vt 0.142076 0.969875 
vt 0.142708 0.914423 
vt 0.091713 0.884854 
vt 0.142697 0.885542 
vt 0.092217 0.847534 
vt 0.142683 0.848854 
vt 0.09242 0.832511 
vt 0.142678 0.834085 
vt 0.09242 0.832511 
vt 0.092138 0.772402 
vt 0.14158 0.77394 
vt 0.142678 0.834085 
vt 0.094982 0.708322 
vt 0.143833 0.696059 
vt 0.097709 0.693159 
vt 0.095403 0.682563 
vt 0.096348 0.620906 
vt 0.096348 0.620906 
vt 0.145255 0.622142 
vt 0.096683 0.57728 
vt 0.144631 0.577546 
vt 0.096273 0.550338 
vt 0.502252 0.626456 
vt 0.502314 0.628911 
vt 0.459306 0.630415 
vt 0.521973 0.160499 
vt 0.522991 0.158672 
vt 0.527081 0.158198 
vt 0.501803 0.621742 
vt 0.501791 0.619525 
vt 0.506954 0.619532 
vt 0.459306 0.630415 
vt 0.457496 0.62954 
vt 0.456565 0.627423 
vt 0.515373 0.621739 
vt 0.515723 0.619544 
vt 0.541096 0.619578 
vt 0.551946 0.624948 
vt 0.551113 0.627102 
vt 0.549335 0.628087 
vt 0.458196 0.628041 
vt 0.459306 0.630415 
vt 0.456565 0.627423 
vt 0.444128 0.337908 
vt 0.441187 0.337224 
vt 0.440522 0.334448 
vt 0.211221 0.435218 
vt 0.209575 0.521255 
vt 0.140109 0.433099 
vt 0.143105 0.520716 
vt 0.140109 0.433099 
vt 0.208725 0.551153 
vt 0.143907 0.550991 
vt 0.207959 0.577378 
vt 0.144631 0.577546 
vt 0.20668 0.621855 
vt 0.145255 0.622142 
vt 0.550313 0.625695 
vt 0.551946 0.624948 
vt 0.549335 0.628087 
vt 0.537481 0.369517 
vt 0.535744 0.369042 
vt 0.535536 0.367135 
vt 0.447241 0.071002 
vt 0.444243 0.072021 
vt 0.443618 0.076259 
vt 0.44659 0.228095 
vt 0.446611 0.242431 
vt 0.442937 0.228098 
vt 0.442914 0.218083 
vt 0.446575 0.218077 
vt 0.44297 0.24243 
vt 0.44417 0.334421 
vt 0.44417 0.334421 
vt 0.440522 0.334448 
vt 0.444128 0.337908 
vt 0.442914 0.218083 
vt 0.442779 0.159807 
vt 0.446487 0.159784 
vt 0.446488 0.157565 
vt 0.857224 0.695951 
vt 0.859721 0.773674 
vt 0.796733 0.69425 
vt 0.794078 0.621802 
vt 0.859721 0.773674 
vt 0.79992 0.773589 
vt 0.858759 0.833785 
vt 0.464729 0.621778 
vt 0.46443 0.620176 
vt 0.466047 0.619573 
vt 0.859042 0.520887 
vt 0.792121 0.521196 
vt 0.789792 0.435156 
vt 0.861586 0.433356 
vt 0.85639 0.55042 
vt 0.792288 0.550407 
vt 0.857316 0.576325 
vt 0.527078 0.16047 
vt 0.525819 0.218339 
vt 0.521973 0.160499 
vt 0.527081 0.158198 
vt 0.457425 0.166224 
vt 0.459914 0.166257 
vt 0.449734 0.22745 
vt 0.460112 0.163984 
vt 0.519991 0.078418 
vt 0.516405 0.078245 
vt 0.516862 0.156021 
vt 0.516346 0.073055 
vt 0.857228 0.622173 
vt 0.857224 0.695951 
vt 0.794078 0.621802 
vt 0.792891 0.576028 
vt 0.857316 0.576325 
vt 0.792288 0.550407 
vt 0.857228 0.622173 
vt 0.544521 0.315148 
vt 0.544832 0.312747 
vt 0.578825 0.311948 
vt 0.525603 0.228284 
vt 0.528281 0.242516 
vt 0.521193 0.228251 
vt 0.525819 0.218339 
vt 0.521307 0.218315 
vt 0.525819 0.218339 
vt 0.521973 0.160499 
vt 0.541096 0.619578 
vt 0.542729 0.620162 
vt 0.542442 0.62176 
vt 0.273025 0.521256 
vt 0.273665 0.551154 
vt 0.209575 0.521255 
vt 0.211221 0.435218 
vt 0.208725 0.551153 
vt 0.272751 0.435218 
vt 0.273025 0.521256 
vt 0.273327 0.577379 
vt 0.207959 0.577378 
vt 0.273649 0.621829 
vt 0.20668 0.621855 
vt 0.226623 0.00550199 
vt 0.20675 0.00526702 
vt 0.207064 0.02069 
vt 0.859133 0.848531 
vt 0.806427 0.845644 
vt 0.804752 0.830539 
vt 0.858759 0.833785 
vt 0.79992 0.773589 
vt 0.860063 0.885161 
vt 0.810588 0.883166 
vt 0.86464 0.898881 
vt 0.810588 0.883166 
vt 0.814843 0.897193 
vt 0.810588 0.883166 
vt 0.860774 0.914 
vt 0.813757 0.912651 
vt 0.862065 0.966558 
vt 0.814843 0.897193 
vt 0.750336 0.897192 
vt 0.748303 0.883166 
vt 0.810588 0.883166 
vt 0.748303 0.883166 
vt 0.742699 0.845644 
vt 0.813757 0.912651 
vt 0.752624 0.91265 
vt 0.819491 0.966324 
vt 0.819491 0.966324 
vt 0.760519 0.965827 
vt 0.821628 0.971951 
vt 0.821628 0.971951 
vt 0.763497 0.971453 
vt 0.523065 0.336204 
vt 0.518497 0.33627 
vt 0.524016 0.242469 
vt 0.523065 0.336204 
vt 0.523106 0.33959 
vt 0.226357 0.02093 
vt 0.226623 0.00550199 
vt 0.207064 0.02069 
vt 0.528281 0.242516 
vt 0.524016 0.242469 
vt 0.521193 0.228251 
vt 0.523065 0.336204 
vt 0.525603 0.228284 
vt 0.521193 0.228251 
vt 0.521307 0.218315 
vt 0.25173 0.019545 
vt 0.252465 0.00413001 
vt 0.226357 0.02093 
vt 0.252465 0.00413001 
vt 0.226623 0.00550199 
vt 0.794078 0.621802 
vt 0.735941 0.621773 
vt 0.735951 0.576028 
vt 0.266862 0.845692 
vt 0.194075 0.845691 
vt 0.194635 0.830586 
vt 0.261376 0.883213 
vt 0.269071 0.830587 
vt 0.199629 0.77364 
vt 0.275307 0.773959 
vt 0.261376 0.883213 
vt 0.192685 0.883212 
vt 0.259543 0.897239 
vt 0.457425 0.166224 
vt 0.458088 0.164384 
vt 0.460112 0.163984 
vt 0.34663 0.841923 
vt 0.373571 0.826653 
vt 0.376648 0.827682 
vt 0.631925 0.824892 
vt 0.631725 0.826731 
vt 0.62858 0.826363 
vt 0.376648 0.827682 
vt 0.373571 0.826653 
vt 0.377021 0.826713 
vt 0.377021 0.826713 
vt 0.373571 0.826653 
vt 0.373604 0.824722 
vt 0.5841 0.390954 
vt 0.587534 0.390954 
vt 0.587534 0.394388 
vt 0.5841 0.394388 
vt 0.5841 0.38752 
vt 0.587534 0.38752 
vt 0.585817 0.384085 
vt 0.302721 0.882358 
vt 0.261376 0.883213 
vt 0.266862 0.845692 
vt 0.301432 0.896516 
vt 0.261376 0.883213 
vt 0.259543 0.897239 
vt 0.298002 0.912118 
vt 0.257161 0.912696 
vt 0.289153 0.965925 
vt 0.289153 0.965925 
vt 0.249487 0.963595 
vt 0.191627 0.912695 
vt 0.189788 0.897238 
vt 0.249487 0.963595 
vt 0.259543 0.897239 
vt 0.189788 0.897238 
vt 0.192685 0.883212 
vt 0.249487 0.963595 
vt 0.189708 0.963594 
vt 0.246602 0.96922 
vt 0.246602 0.96922 
vt 0.187569 0.969219 
vt 0.523106 0.33959 
vt 0.519254 0.339057 
vt 0.518497 0.33627 
vt 0.324613 0.519985 
vt 0.325533 0.549806 
vt 0.273025 0.521256 
vt 0.272751 0.435218 
vt 0.324699 0.434158 
vt 0.385559 0.792898 
vt 0.429502 0.792904 
vt 0.427512 0.824524 
vt 0.430119 0.790685 
vt 0.380956 0.790701 
vt 0.430119 0.790685 
vt 0.429229 0.78974 
vt 0.382366 0.82454 
vt 0.427512 0.824524 
vt 0.377021 0.826713 
vt 0.425508 0.826842 
vt 0.376648 0.827682 
vt 0.425508 0.826842 
vt 0.423886 0.827676 
vt 0.414687 0.842754 
vt 0.628623 0.826683 
vt 0.631725 0.826731 
vt 0.628868 0.827645 
vt 0.792121 0.521196 
vt 0.736585 0.521196 
vt 0.737194 0.435156 
vt 0.789792 0.435156 
vt 0.792288 0.550407 
vt 0.736344 0.550406 
vt 0.792891 0.576028 
vt 0.373604 0.824722 
vt 0.373571 0.826653 
vt 0.34663 0.841923 
vt 0.624071 0.790778 
vt 0.62858 0.826363 
vt 0.619575 0.792798 
vt 0.619575 0.792798 
vt 0.623916 0.790756 
vt 0.624071 0.790778 
vt 0.62406 0.790689 
vt 0.628868 0.827645 
vt 0.631725 0.826731 
vt 0.662699 0.840078 
vt 0.385559 0.792898 
vt 0.382366 0.82454 
vt 0.380956 0.790701 
vt 0.662699 0.840078 
vt 0.631725 0.826731 
vt 0.631925 0.824892 
vt 0.382366 0.82454 
vt 0.377021 0.826713 
vt 0.380956 0.790701 
vt 0.530205 0.827659 
vt 0.584479 0.82765 
vt 0.601755 0.844164 
vt 0.582799 0.826822 
vt 0.584479 0.82765 
vt 0.529631 0.826798 
vt 0.582799 0.826822 
vt 0.580602 0.824511 
vt 0.52882 0.824523 
vt 0.528577 0.79287 
vt 0.62858 0.826363 
vt 0.628193 0.826518 
vt 0.623178 0.824562 
vt 0.628623 0.826683 
vt 0.619575 0.792798 
vt 0.325533 0.549806 
vt 0.273665 0.551154 
vt 0.273025 0.521256 
vt 0.323516 0.575963 
vt 0.273327 0.577379 
vt 0.323601 0.62018 
vt 0.273649 0.621829 
vt 0.323601 0.62018 
vt 0.321489 0.706006 
vt 0.423886 0.827676 
vt 0.477158 0.827667 
vt 0.473139 0.843692 
vt 0.477718 0.826806 
vt 0.425508 0.826842 
vt 0.423886 0.827676 
vt 0.478377 0.824535 
vt 0.427512 0.824524 
vt 0.429502 0.792904 
vt 0.734092 0.773904 
vt 0.740444 0.830539 
vt 0.695647 0.829153 
vt 0.695647 0.829153 
vt 0.698011 0.844412 
vt 0.527078 0.16047 
vt 0.527081 0.158198 
vt 0.601839 0.158908 
vt 0.628193 0.826518 
vt 0.628623 0.826683 
vt 0.628256 0.826685 
vt 0.628256 0.826685 
vt 0.628868 0.827645 
vt 0.806427 0.845644 
vt 0.742699 0.845644 
vt 0.740444 0.830539 
vt 0.810588 0.883166 
vt 0.804752 0.830539 
vt 0.734092 0.773904 
vt 0.79992 0.773589 
vt 0.734092 0.773904 
vt 0.502113 0.824503 
vt 0.478377 0.824535 
vt 0.479564 0.792875 
vt 0.502113 0.824503 
vt 0.477718 0.826806 
vt 0.502145 0.826783 
vt 0.477158 0.827667 
vt 0.502113 0.824503 
vt 0.477718 0.826806 
vt 0.380956 0.790701 
vt 0.377021 0.826713 
vt 0.377364 0.791762 
vt 0.377021 0.826713 
vt 0.373604 0.824722 
vt 0.321489 0.706006 
vt 0.274842 0.707697 
vt 0.273649 0.621829 
vt 0.318202 0.791832 
vt 0.311083 0.829198 
vt 0.275307 0.773959 
vt 0.274842 0.707697 
vt 0.685247 0.692564 
vt 0.734851 0.694245 
vt 0.688666 0.791786 
vt 0.683648 0.620127 
vt 0.735941 0.621773 
vt 0.734851 0.694245 
vt 0.734092 0.773904 
vt 0.688666 0.791786 
vt 0.734092 0.773904 
vt 0.695647 0.829153 
vt 0.735951 0.576028 
vt 0.735941 0.621773 
vt 0.682455 0.574615 
vt 0.683648 0.620127 
vt 0.736344 0.550406 
vt 0.683322 0.549061 
vt 0.736585 0.521196 
vt 0.682378 0.519928 
vt 0.683013 0.434099 
vt 0.737194 0.435156 
vt 0.736585 0.521196 
vt 0.507596 0.592068 
vt 0.502252 0.626456 
vt 0.475006 0.592978 
vt 0.532572 0.591372 
vt 0.550313 0.625695 
vt 0.458196 0.628041 
vt 0.459306 0.630415 
vt 0.502252 0.626456 
vt 0.475006 0.592978 
vt 0.461293 0.593142 
vt 0.475006 0.592978 
vt 0.458196 0.628041 
vt 0.546355 0.590879 
vt 0.550313 0.625695 
vt 0.532572 0.591372 
vt 0.502113 0.824503 
vt 0.502643 0.792899 
vt 0.52882 0.824523 
vt 0.502145 0.826783 
vt 0.529631 0.826798 
vt 0.502145 0.826783 
vt 0.50212 0.827663 
vt 0.582799 0.826822 
vt 0.580602 0.824511 
vt 0.623178 0.824562 
vt 0.619575 0.792798 
vt 0.594303 0.79284 
vt 0.580602 0.824511 
vt 0.596564 0.790701 
vt 0.631925 0.824892 
vt 0.62858 0.826363 
vt 0.624071 0.790778 
vt 0.627432 0.791598 
vt 0.62406 0.790689 
vt 0.188031 0.021088 
vt 0.207064 0.02069 
vt 0.188822 0.00566798 
vt 0.20675 0.00526702 
vt 0.188822 0.00566798 
vt 0.508272 0.62636 
vt 0.502252 0.626456 
vt 0.507596 0.592068 
vt 0.502314 0.628911 
vt 0.508491 0.628803 
vt 0.508272 0.62636 
vt 0.535966 0.843396 
vt 0.530205 0.827659 
vt 0.601755 0.844164 
vt 0.601755 0.844164 
vt 0.604109 0.85485 
vt 0.308683 0.844456 
vt 0.269071 0.830587 
vt 0.311083 0.829198 
vt 0.275307 0.773959 
vt 0.682455 0.574615 
vt 0.683648 0.620127 
vt 0.63851 0.573078 
vt 0.637626 0.547598 
vt 0.683322 0.549061 
vt 0.637626 0.547598 
vt 0.636667 0.518549 
vt 0.682378 0.519928 
vt 0.636604 0.432949 
vt 0.683322 0.549061 
vt 0.683013 0.434099 
vt 0.636604 0.432949 
vt 0.695647 0.829153 
vt 0.698011 0.844412 
vt 0.662699 0.840078 
vt 0.473139 0.843692 
vt 0.471701 0.854518 
vt 0.414687 0.842754 
vt 0.414687 0.842754 
vt 0.423886 0.827676 
vt 0.695647 0.829153 
vt 0.662699 0.840078 
vt 0.656171 0.774761 
vt 0.631925 0.824892 
vt 0.627432 0.791598 
vt 0.740444 0.830539 
vt 0.742699 0.845644 
vt 0.698011 0.844412 
vt 0.703883 0.882315 
vt 0.748303 0.883166 
vt 0.706062 0.896474 
vt 0.750336 0.897192 
vt 0.70854 0.912076 
vt 0.752624 0.91265 
vt 0.717296 0.96573 
vt 0.760519 0.965827 
vt 0.717296 0.96573 
vt 0.717296 0.96573 
vt 0.720591 0.971454 
vt 0.792891 0.576028 
vt 0.794078 0.621802 
vt 0.735951 0.576028 
vt 0.736344 0.550406 
vt 0.34663 0.841923 
vt 0.345189 0.853261 
vt 0.311083 0.829198 
vt 0.594303 0.79284 
vt 0.580602 0.824511 
vt 0.57928 0.792864 
vt 0.596564 0.790701 
vt 0.508491 0.628803 
vt 0.508272 0.62636 
vt 0.518495 0.626199 
vt 0.518981 0.628619 
vt 0.508272 0.62636 
vt 0.507596 0.592068 
vt 0.550313 0.625695 
vt 0.507596 0.592068 
vt 0.518981 0.628619 
vt 0.549335 0.628087 
vt 0.550313 0.625695 
vt 0.345189 0.853261 
vt 0.34161 0.881427 
vt 0.308683 0.844456 
vt 0.698011 0.844412 
vt 0.663623 0.851935 
vt 0.662699 0.840078 
vt 0.44738 0.076227 
vt 0.447573 0.155389 
vt 0.516862 0.156021 
vt 0.351362 0.777519 
vt 0.34663 0.841923 
vt 0.318202 0.791832 
vt 0.516405 0.078245 
vt 0.44738 0.076227 
vt 0.516862 0.156021 
vt 0.544521 0.315148 
vt 0.578825 0.311948 
vt 0.570691 0.365295 
vt 0.371717 0.432999 
vt 0.371002 0.518597 
vt 0.324699 0.434158 
vt 0.324613 0.519985 
vt 0.369861 0.548334 
vt 0.369861 0.548334 
vt 0.325533 0.549806 
vt 0.368805 0.574417 
vt 0.537791 0.367119 
vt 0.544521 0.315148 
vt 0.570691 0.365295 
vt 0.537481 0.369517 
vt 0.570691 0.365295 
vt 0.351362 0.777519 
vt 0.318202 0.791832 
vt 0.321489 0.706006 
vt 0.34663 0.841923 
vt 0.311083 0.829198 
vt 0.318202 0.791832 
vt 0.717296 0.96573 
vt 0.720591 0.971454 
vt 0.680692 0.965625 
vt 0.670941 0.911452 
vt 0.345189 0.853261 
vt 0.308683 0.844456 
vt 0.311083 0.829198 
vt 0.685247 0.692564 
vt 0.688666 0.791786 
vt 0.642574 0.690762 
vt 0.638908 0.618518 
vt 0.683648 0.620127 
vt 0.63851 0.573078 
vt 0.477158 0.827667 
vt 0.50212 0.827663 
vt 0.501944 0.842902 
vt 0.502145 0.826783 
vt 0.501944 0.842902 
vt 0.535966 0.843396 
vt 0.501944 0.842902 
vt 0.50195 0.853954 
vt 0.688666 0.791786 
vt 0.656171 0.774761 
vt 0.642574 0.690762 
vt 0.269821 0.020038 
vt 0.270486 0.00463003 
vt 0.25173 0.019545 
vt 0.36825 0.618563 
vt 0.323601 0.62018 
vt 0.323516 0.575963 
vt 0.321489 0.706006 
vt 0.368805 0.574417 
vt 0.325533 0.549806 
vt 0.365237 0.704161 
vt 0.351362 0.777519 
vt 0.351362 0.777519 
vt 0.377364 0.791762 
vt 0.34663 0.841923 
vt 0.377364 0.791762 
vt 0.373604 0.824722 
vt 0.34663 0.841923 
vt 0.57928 0.792864 
vt 0.580602 0.824511 
vt 0.528577 0.79287 
vt 0.582999 0.790707 
vt 0.270486 0.00463003 
vt 0.252465 0.00413001 
vt 0.25173 0.019545 
vt 0.365237 0.704161 
vt 0.321489 0.706006 
vt 0.36825 0.618563 
vt 0.33668 0.911488 
vt 0.298002 0.912118 
vt 0.301432 0.896516 
vt 0.327141 0.963384 
vt 0.340975 0.895728 
vt 0.327141 0.963384 
vt 0.289153 0.965925 
vt 0.340975 0.895728 
vt 0.302721 0.882358 
vt 0.34161 0.881427 
vt 0.308683 0.844456 
vt 0.688666 0.791786 
vt 0.695647 0.829153 
vt 0.656171 0.774761 
vt 0.44738 0.076227 
vt 0.443618 0.076259 
vt 0.447573 0.155389 
vt 0.44738 0.076227 
vt 0.447241 0.071002 
vt 0.63851 0.573078 
vt 0.638908 0.618518 
vt 0.59179 0.573086 
vt 0.591227 0.547606 
vt 0.495535 0.369102 
vt 0.49351 0.368665 
vt 0.492789 0.366713 
vt 0.582799 0.826822 
vt 0.628256 0.826685 
vt 0.584479 0.82765 
vt 0.623178 0.824562 
vt 0.628193 0.826518 
vt 0.628256 0.826685 
vt 0.628868 0.827645 
vt 0.584479 0.82765 
vt 0.662699 0.840078 
vt 0.631725 0.826731 
vt 0.628623 0.826683 
vt 0.62858 0.826363 
vt 0.459914 0.166257 
vt 0.460112 0.163984 
vt 0.498947 0.163251 
vt 0.512596 0.423117 
vt 0.515827 0.422215 
vt 0.516534 0.418245 
vt 0.435989 0.434246 
vt 0.438004 0.521306 
vt 0.41914 0.432991 
vt 0.41914 0.432991 
vt 0.418768 0.518589 
vt 0.371717 0.432999 
vt 0.371002 0.518597 
vt 0.418095 0.548327 
vt 0.369861 0.548334 
vt 0.417476 0.57441 
vt 0.417476 0.57441 
vt 0.368805 0.574417 
vt 0.417435 0.618556 
vt 0.36825 0.618563 
vt 0.414303 0.702823 
vt 0.365237 0.704161 
vt 0.36825 0.618563 
vt 0.668255 0.895691 
vt 0.670941 0.911452 
vt 0.615367 0.895697 
vt 0.609956 0.881395 
vt 0.397414 0.895721 
vt 0.395414 0.911481 
vt 0.340975 0.895728 
vt 0.34161 0.881427 
vt 0.506833 0.621741 
vt 0.506954 0.619532 
vt 0.515723 0.619544 
vt 0.515373 0.621739 
vt 0.501785 0.67986 
vt 0.662699 0.840078 
vt 0.631925 0.824892 
vt 0.656171 0.774761 
vt 0.502792 0.789688 
vt 0.478821 0.789678 
vt 0.475014 0.776 
vt 0.478821 0.789678 
vt 0.479217 0.790691 
vt 0.502798 0.790703 
vt 0.479564 0.792875 
vt 0.502643 0.792899 
vt 0.502113 0.824503 
vt 0.529281 0.790691 
vt 0.529713 0.789696 
vt 0.528577 0.79287 
vt 0.52882 0.824523 
vt 0.502792 0.789688 
vt 0.529713 0.789696 
vt 0.503352 0.778221 
vt 0.501691 0.70414 
vt 0.532244 0.704134 
vt 0.534928 0.689841 
vt 0.501738 0.689848 
vt 0.501785 0.67986 
vt 0.472509 0.704145 
vt 0.469795 0.689853 
vt 0.470127 0.679865 
vt 0.467076 0.621749 
vt 0.464729 0.621778 
vt 0.466047 0.619573 
vt 0.670941 0.911452 
vt 0.613694 0.911457 
vt 0.615367 0.895697 
vt 0.680692 0.965625 
vt 0.680692 0.965625 
vt 0.62116 0.96563 
vt 0.684454 0.971457 
vt 0.684454 0.971457 
vt 0.62398 0.971462 
vt 0.703883 0.882315 
vt 0.665919 0.88139 
vt 0.663623 0.851935 
vt 0.70854 0.912076 
vt 0.670941 0.911452 
vt 0.668255 0.895691 
vt 0.717296 0.96573 
vt 0.706062 0.896474 
vt 0.665919 0.88139 
vt 0.703883 0.882315 
vt 0.665919 0.88139 
vt 0.479217 0.790691 
vt 0.479564 0.792875 
vt 0.429502 0.792904 
vt 0.478377 0.824535 
vt 0.430119 0.790685 
vt 0.479217 0.790691 
vt 0.478821 0.789678 
vt 0.515373 0.621739 
vt 0.540084 0.621734 
vt 0.535815 0.658189 
vt 0.541096 0.619578 
vt 0.466047 0.619573 
vt 0.501791 0.619525 
vt 0.467076 0.621749 
vt 0.501803 0.621742 
vt 0.501785 0.67986 
vt 0.501791 0.619525 
vt 0.395414 0.911481 
vt 0.33668 0.911488 
vt 0.340975 0.895728 
vt 0.387981 0.963377 
vt 0.387981 0.963377 
vt 0.327141 0.963384 
vt 0.385004 0.969209 
vt 0.485629 0.314725 
vt 0.495254 0.366695 
vt 0.483213 0.314681 
vt 0.485057 0.312331 
vt 0.492789 0.366713 
vt 0.495535 0.369102 
vt 0.458196 0.628041 
vt 0.456565 0.627423 
vt 0.461293 0.593142 
vt 0.551946 0.624948 
vt 0.550313 0.625695 
vt 0.546355 0.590879 
vt 0.50212 0.827663 
vt 0.530205 0.827659 
vt 0.535966 0.843396 
vt 0.529631 0.826798 
vt 0.438004 0.521306 
vt 0.418768 0.518589 
vt 0.41914 0.432991 
vt 0.442991 0.551214 
vt 0.418768 0.518589 
vt 0.663623 0.851935 
vt 0.604109 0.85485 
vt 0.601755 0.844164 
vt 0.662699 0.840078 
vt 0.663623 0.851935 
vt 0.698011 0.844412 
vt 0.703883 0.882315 
vt 0.663623 0.851935 
vt 0.934726 0.314511 
vt 0.897806 0.283301 
vt 0.964055 0.260614 
vt 0.897806 0.283301 
vt 0.918424 0.249957 
vt 0.964055 0.260614 
vt 0.918424 0.249957 
vt 0.970551 0.199663 
vt 0.918424 0.249957 
vt 0.924191 0.205304 
vt 0.970551 0.199663 
vt 0.970551 0.199663 
vt 0.924191 0.205304 
vt 0.948609 0.143819 
vt 0.924191 0.205304 
vt 0.910686 0.164962 
vt 0.948609 0.143819 
vt 0.948609 0.143819 
vt 0.910686 0.164962 
vt 0.913554 0.096258 
vt 0.910686 0.164962 
vt 0.881556 0.133051 
vt 0.913554 0.096258 
vt 0.414303 0.702823 
vt 0.413328 0.766245 
vt 0.365237 0.704161 
vt 0.864862 0.310163 
vt 0.897806 0.283301 
vt 0.934726 0.314511 
vt 0.887025 0.353148 
vt 0.864862 0.310163 
vt 0.934726 0.314511 
vt 0.913554 0.096258 
vt 0.881556 0.133051 
vt 0.859717 0.066526 
vt 0.881556 0.133051 
vt 0.846844 0.112081 
vt 0.859717 0.066526 
vt 0.601755 0.844164 
vt 0.584479 0.82765 
vt 0.662699 0.840078 
vt 0.34663 0.841923 
vt 0.376648 0.827682 
vt 0.414687 0.842754 
vt 0.828218 0.36603 
vt 0.823526 0.319084 
vt 0.887025 0.353148 
vt 0.859717 0.066526 
vt 0.846844 0.112081 
vt 0.801637 0.060216 
vt 0.846844 0.112081 
vt 0.804532 0.107377 
vt 0.801637 0.060216 
vt 0.473139 0.843692 
vt 0.477158 0.827667 
vt 0.501944 0.842902 
vt 0.590614 0.518557 
vt 0.569768 0.520347 
vt 0.571982 0.433339 
vt 0.591227 0.547606 
vt 0.569768 0.520347 
vt 0.464729 0.621778 
vt 0.467076 0.621749 
vt 0.470127 0.679865 
vt 0.467491 0.679874 
vt 0.469795 0.689853 
vt 0.467122 0.689858 
vt 0.472509 0.704145 
vt 0.469774 0.704146 
vt 0.475014 0.776 
vt 0.782154 0.318138 
vt 0.823526 0.319084 
vt 0.828218 0.36603 
vt 0.768984 0.359143 
vt 0.782154 0.318138 
vt 0.828218 0.36603 
vt 0.501785 0.67986 
vt 0.501803 0.621742 
vt 0.506833 0.621741 
vt 0.506954 0.619532 
vt 0.801637 0.060216 
vt 0.804532 0.107377 
vt 0.7411 0.074828 
vt 0.804532 0.107377 
vt 0.765075 0.120994 
vt 0.7411 0.074828 
vt 0.414687 0.842754 
vt 0.410224 0.853852 
vt 0.34663 0.841923 
vt 0.590969 0.432957 
vt 0.590614 0.518557 
vt 0.571982 0.433339 
vt 0.636604 0.432949 
vt 0.636667 0.518549 
vt 0.590614 0.518557 
vt 0.590969 0.432957 
vt 0.637626 0.547598 
vt 0.637626 0.547598 
vt 0.591227 0.547606 
vt 0.63851 0.573078 
vt 0.744153 0.300455 
vt 0.782154 0.318138 
vt 0.768984 0.359143 
vt 0.711927 0.334293 
vt 0.744153 0.300455 
vt 0.768984 0.359143 
vt 0.7411 0.074828 
vt 0.765075 0.120994 
vt 0.690517 0.110005 
vt 0.765075 0.120994 
vt 0.731661 0.146917 
vt 0.690517 0.110005 
vt 0.410224 0.853852 
vt 0.345189 0.853261 
vt 0.34663 0.841923 
vt 0.399139 0.88142 
vt 0.690517 0.110005 
vt 0.731661 0.146917 
vt 0.659192 0.166896 
vt 0.731661 0.146917 
vt 0.709164 0.18214 
vt 0.659192 0.166896 
vt 0.676871 0.289614 
vt 0.718781 0.263847 
vt 0.711927 0.334293 
vt 0.659192 0.166896 
vt 0.709164 0.18214 
vt 0.656998 0.230043 
vt 0.656998 0.230043 
vt 0.705746 0.223975 
vt 0.676871 0.289614 
vt 0.705746 0.223975 
vt 0.718781 0.263847 
vt 0.676871 0.289614 
vt 0.656998 0.230043 
vt 0.676871 0.289614 
vt 0.653507 0.299495 
vt 0.709164 0.18214 
vt 0.705746 0.223975 
vt 0.659192 0.166896 
vt 0.709164 0.18214 
vt 0.656998 0.230043 
vt 0.709164 0.18214 
vt 0.705746 0.223975 
vt 0.656998 0.230043 
vt 0.656998 0.230043 
vt 0.705746 0.223975 
vt 0.676871 0.289614 
vt 0.705746 0.223975 
vt 0.718781 0.263847 
vt 0.676871 0.289614 
vt 0.690517 0.110005 
vt 0.731661 0.146917 
vt 0.659192 0.166896 
vt 0.731661 0.146917 
vt 0.709164 0.18214 
vt 0.659192 0.166896 
vt 0.676871 0.289614 
vt 0.718781 0.263847 
vt 0.711927 0.334293 
vt 0.718781 0.263847 
vt 0.744153 0.300455 
vt 0.711927 0.334293 
vt 0.399139 0.88142 
vt 0.397414 0.895721 
vt 0.34161 0.881427 
vt 0.345189 0.853261 
vt 0.744153 0.300455 
vt 0.782154 0.318138 
vt 0.768984 0.359143 
vt 0.711927 0.334293 
vt 0.744153 0.300455 
vt 0.768984 0.359143 
vt 0.7411 0.074828 
vt 0.765075 0.120994 
vt 0.690517 0.110005 
vt 0.765075 0.120994 
vt 0.731661 0.146917 
vt 0.690517 0.110005 
vt 0.532244 0.704134 
vt 0.532276 0.776539 
vt 0.503352 0.778221 
vt 0.665919 0.88139 
vt 0.668255 0.895691 
vt 0.609956 0.881395 
vt 0.604109 0.85485 
vt 0.532244 0.704134 
vt 0.534984 0.704134 
vt 0.532276 0.776539 
vt 0.534928 0.689841 
vt 0.537607 0.689845 
vt 0.535815 0.658189 
vt 0.538342 0.658196 
vt 0.540084 0.621734 
vt 0.542442 0.62176 
vt 0.541096 0.619578 
vt 0.542442 0.62176 
vt 0.501785 0.67986 
vt 0.515373 0.621739 
vt 0.535815 0.658189 
vt 0.782154 0.318138 
vt 0.823526 0.319084 
vt 0.828218 0.36603 
vt 0.768984 0.359143 
vt 0.782154 0.318138 
vt 0.828218 0.36603 
vt 0.801637 0.060216 
vt 0.804532 0.107377 
vt 0.7411 0.074828 
vt 0.804532 0.107377 
vt 0.765075 0.120994 
vt 0.7411 0.074828 
vt 0.823526 0.319084 
vt 0.864862 0.310163 
vt 0.887025 0.353148 
vt 0.828218 0.36603 
vt 0.823526 0.319084 
vt 0.887025 0.353148 
vt 0.859717 0.066526 
vt 0.846844 0.112081 
vt 0.801637 0.060216 
vt 0.846844 0.112081 
vt 0.804532 0.107377 
vt 0.801637 0.060216 
vt 0.656171 0.774761 
vt 0.601311 0.772144 
vt 0.594984 0.689993 
vt 0.48243 0.311263 
vt 0.448585 0.308919 
vt 0.491248 0.227556 
vt 0.448437 0.311185 
vt 0.48243 0.311263 
vt 0.447796 0.277588 
vt 0.444771 0.275448 
vt 0.448585 0.308919 
vt 0.444772 0.254512 
vt 0.446176 0.308964 
vt 0.448585 0.308919 
vt 0.448585 0.308919 
vt 0.448437 0.311185 
vt 0.448129 0.253977 
vt 0.446178 0.217186 
vt 0.491248 0.227556 
vt 0.449734 0.22745 
vt 0.446178 0.217186 
vt 0.498947 0.163251 
vt 0.459914 0.166257 
vt 0.446178 0.217186 
vt 0.457425 0.166224 
vt 0.864862 0.310163 
vt 0.897806 0.283301 
vt 0.934726 0.314511 
vt 0.887025 0.353148 
vt 0.864862 0.310163 
vt 0.934726 0.314511 
vt 0.913554 0.096258 
vt 0.881556 0.133051 
vt 0.859717 0.066526 
vt 0.881556 0.133051 
vt 0.846844 0.112081 
vt 0.859717 0.066526 
vt 0.503352 0.778221 
vt 0.502792 0.789688 
vt 0.475014 0.776 
vt 0.501691 0.70414 
vt 0.475014 0.776 
vt 0.663623 0.851935 
vt 0.665919 0.88139 
vt 0.604109 0.85485 
vt 0.934726 0.314511 
vt 0.897806 0.283301 
vt 0.964055 0.260614 
vt 0.897806 0.283301 
vt 0.918424 0.249957 
vt 0.964055 0.260614 
vt 0.970551 0.199663 
vt 0.918424 0.249957 
vt 0.924191 0.205304 
vt 0.970551 0.199663 
vt 0.970551 0.199663 
vt 0.924191 0.205304 
vt 0.948609 0.143819 
vt 0.924191 0.205304 
vt 0.910686 0.164962 
vt 0.948609 0.143819 
vt 0.948609 0.143819 
vt 0.910686 0.164962 
vt 0.913554 0.096258 
vt 0.910686 0.164962 
vt 0.881556 0.133051 
vt 0.913554 0.096258 
vt 0.501785 0.67986 
vt 0.535815 0.658189 
vt 0.534928 0.689841 
vt 0.413328 0.766245 
vt 0.351362 0.777519 
vt 0.365237 0.704161 
vt 0.642574 0.690762 
vt 0.656171 0.774761 
vt 0.594984 0.689993 
vt 0.591685 0.618526 
vt 0.638908 0.618518 
vt 0.59179 0.573086 
vt 0.59179 0.573086 
vt 0.591685 0.618526 
vt 0.559607 0.565648 
vt 0.501908 0.895709 
vt 0.542422 0.895705 
vt 0.501844 0.91147 
vt 0.540057 0.881404 
vt 0.463267 0.61988 
vt 0.46443 0.620176 
vt 0.464729 0.621778 
vt 0.442991 0.551214 
vt 0.418095 0.548327 
vt 0.418768 0.518589 
vt 0.446317 0.566763 
vt 0.417476 0.57441 
vt 0.418095 0.548327 
vt 0.886472 0.275885 
vt 0.814907 0.215208 
vt 0.902862 0.24583 
vt 0.858695 0.296642 
vt 0.886472 0.275885 
vt 0.731873 0.259249 
vt 0.814907 0.215208 
vt 0.752967 0.288662 
vt 0.902862 0.24583 
vt 0.90675 0.207753 
vt 0.843025 0.126742 
vt 0.80635 0.122509 
vt 0.896063 0.173518 
vt 0.870692 0.145364 
vt 0.90675 0.207753 
vt 0.814907 0.215208 
vt 0.870692 0.145364 
vt 0.814907 0.215208 
vt 0.843025 0.126742 
vt 0.591227 0.547606 
vt 0.564598 0.548363 
vt 0.569768 0.520347 
vt 0.59179 0.573086 
vt 0.822526 0.306501 
vt 0.814907 0.215208 
vt 0.858695 0.296642 
vt 0.772999 0.134716 
vt 0.743344 0.156882 
vt 0.743344 0.156882 
vt 0.723665 0.187877 
vt 0.78684 0.305925 
vt 0.814907 0.215208 
vt 0.822526 0.306501 
vt 0.80635 0.122509 
vt 0.814907 0.215208 
vt 0.772999 0.134716 
vt 0.453937 0.619106 
vt 0.417435 0.618556 
vt 0.417476 0.57441 
vt 0.448911 0.702108 
vt 0.414303 0.702823 
vt 0.417435 0.618556 
vt 0.752967 0.288662 
vt 0.814907 0.215208 
vt 0.78684 0.305925 
vt 0.723665 0.187877 
vt 0.720247 0.225014 
vt 0.720247 0.225014 
vt 0.814907 0.215208 
vt 0.731873 0.259249 
vt 0.442991 0.551214 
vt 0.446317 0.566763 
vt 0.418095 0.548327 
vt 0.720247 0.225014 
vt 0.814907 0.215208 
vt 0.731873 0.259249 
vt 0.822526 0.306501 
vt 0.814907 0.215208 
vt 0.858695 0.296642 
vt 0.772999 0.134716 
vt 0.743344 0.156882 
vt 0.723665 0.187877 
vt 0.752967 0.288662 
vt 0.814907 0.215208 
vt 0.78684 0.305925 
vt 0.723665 0.187877 
vt 0.720247 0.225014 
vt 0.711927 0.334293 
vt 0.768984 0.359143 
vt 0.75912 0.379671 
vt 0.718781 0.263847 
vt 0.744153 0.300455 
vt 0.731873 0.259249 
vt 0.814907 0.215208 
vt 0.752967 0.288662 
vt 0.90675 0.207753 
vt 0.896063 0.173518 
vt 0.448911 0.702108 
vt 0.466117 0.761125 
vt 0.413328 0.766245 
vt 0.78684 0.305925 
vt 0.814907 0.215208 
vt 0.822526 0.306501 
vt 0.80635 0.122509 
vt 0.814907 0.215208 
vt 0.772999 0.134716 
vt 0.458144 0.580855 
vt 0.453937 0.619106 
vt 0.446317 0.566763 
vt 0.858695 0.296642 
vt 0.814907 0.215208 
vt 0.886472 0.275885 
vt 0.843025 0.126742 
vt 0.814907 0.215208 
vt 0.80635 0.122509 
vt 0.902862 0.24583 
vt 0.90675 0.207753 
vt 0.896063 0.173518 
vt 0.870692 0.145364 
vt 0.870692 0.145364 
vt 0.814907 0.215208 
vt 0.843025 0.126742 
vt 0.886472 0.275885 
vt 0.814907 0.215208 
vt 0.902862 0.24583 
vt 0.525603 0.228284 
vt 0.525819 0.218339 
vt 0.598576 0.235987 
vt 0.525819 0.218339 
vt 0.527078 0.16047 
vt 0.599319 0.218437 
vt 0.59179 0.573086 
vt 0.559607 0.565648 
vt 0.564598 0.548363 
vt 0.523065 0.336204 
vt 0.528281 0.242516 
vt 0.598576 0.235987 
vt 0.598904 0.336412 
vt 0.523065 0.336204 
vt 0.598576 0.235987 
vt 0.523106 0.33959 
vt 0.598904 0.336412 
vt 0.446317 0.566763 
vt 0.453937 0.619106 
vt 0.417476 0.57441 
vt 0.527078 0.16047 
vt 0.601839 0.158908 
vt 0.599319 0.218437 
vt 0.414303 0.702823 
vt 0.448911 0.702108 
vt 0.413328 0.766245 
vt 0.471701 0.854518 
vt 0.410224 0.853852 
vt 0.414687 0.842754 
vt 0.468128 0.881412 
vt 0.601311 0.772144 
vt 0.544578 0.763473 
vt 0.558671 0.689955 
vt 0.542442 0.62176 
vt 0.542729 0.620162 
vt 0.54388 0.619849 
vt 0.525603 0.228284 
vt 0.598576 0.235987 
vt 0.528281 0.242516 
vt 0.604109 0.85485 
vt 0.53714 0.854305 
vt 0.535966 0.843396 
vt 0.609956 0.881395 
vt 0.594984 0.689993 
vt 0.601311 0.772144 
vt 0.558671 0.689955 
vt 0.594984 0.689993 
vt 0.554953 0.618626 
vt 0.591685 0.618526 
vt 0.559607 0.565648 
vt 0.594984 0.689993 
vt 0.466643 0.911473 
vt 0.395414 0.911481 
vt 0.397414 0.895721 
vt 0.463585 0.967234 
vt 0.467444 0.895713 
vt 0.463585 0.967234 
vt 0.387981 0.963377 
vt 0.399139 0.88142 
vt 0.468128 0.881412 
vt 0.410224 0.853852 
vt 0.483213 0.314681 
vt 0.483278 0.312793 
vt 0.485057 0.312331 
vt 0.473401 0.618546 
vt 0.453937 0.619106 
vt 0.458144 0.580855 
vt 0.613694 0.911457 
vt 0.541492 0.911465 
vt 0.542422 0.895705 
vt 0.62116 0.96563 
vt 0.615367 0.895697 
vt 0.540057 0.881404 
vt 0.62116 0.96563 
vt 0.544448 0.963362 
vt 0.609956 0.881395 
vt 0.540057 0.881404 
vt 0.53714 0.854305 
vt 0.501944 0.842902 
vt 0.50195 0.853954 
vt 0.473139 0.843692 
vt 0.50195 0.853954 
vt 0.53714 0.854305 
vt 0.501963 0.881408 
vt 0.535966 0.843396 
vt 0.50195 0.853954 
vt 0.471701 0.854518 
vt 0.473139 0.843692 
vt 0.501963 0.881408 
vt 0.544123 0.584105 
vt 0.559607 0.565648 
vt 0.554953 0.618626 
vt 0.543891 0.621784 
vt 0.542442 0.62176 
vt 0.54388 0.619849 
vt 0.541492 0.911465 
vt 0.544448 0.963362 
vt 0.501597 0.96778 
vt 0.476686 0.588846 
vt 0.473401 0.618546 
vt 0.458144 0.580855 
vt 0.495535 0.369102 
vt 0.495254 0.366695 
vt 0.53437 0.370182 
vt 0.544123 0.584105 
vt 0.554953 0.618626 
vt 0.533924 0.618536 
vt 0.964055 0.260614 
vt 0.970551 0.199663 
vt 0.996434 0.197704 
vt 0.972763 0.129175 
vt 0.970551 0.199663 
vt 0.948609 0.143819 
vt 0.972763 0.129175 
vt 0.51274 0.418079 
vt 0.516534 0.418245 
vt 0.514423 0.340498 
vt 0.512596 0.423117 
vt 0.516534 0.418245 
vt 0.4368 0.419892 
vt 0.437452 0.423788 
vt 0.440602 0.424584 
vt 0.528595 0.589561 
vt 0.544123 0.584105 
vt 0.533924 0.618536 
vt 0.501844 0.91147 
vt 0.466643 0.911473 
vt 0.467444 0.895713 
vt 0.501597 0.96778 
vt 0.463585 0.967234 
vt 0.541492 0.911465 
vt 0.542422 0.895705 
vt 0.501908 0.895709 
vt 0.468128 0.881412 
vt 0.501963 0.881408 
vt 0.471701 0.854518 
vt 0.540057 0.881404 
vt 0.53714 0.854305 
vt 0.934726 0.314511 
vt 0.964055 0.260614 
vt 0.985326 0.263268 
vt 0.964055 0.260614 
vt 0.996434 0.197704 
vt 0.634601 0.161943 
vt 0.659192 0.166896 
vt 0.630988 0.234426 
vt 0.948609 0.143819 
vt 0.913554 0.096258 
vt 0.931942 0.072389 
vt 0.972763 0.129175 
vt 0.948609 0.143819 
vt 0.931942 0.072389 
vt 0.390957 0.165578 
vt 0.391433 0.163769 
vt 0.39317 0.163356 
vt 0.630988 0.234426 
vt 0.656998 0.230043 
vt 0.653507 0.299495 
vt 0.659192 0.166896 
vt 0.690517 0.110005 
vt 0.659192 0.166896 
vt 0.634601 0.161943 
vt 0.674309 0.091325 
vt 0.690517 0.110005 
vt 0.634601 0.161943 
vt 0.528595 0.589561 
vt 0.533924 0.618536 
vt 0.507596 0.61854 
vt 0.473401 0.618546 
vt 0.476686 0.588846 
vt 0.954266 0.329273 
vt 0.934726 0.314511 
vt 0.985326 0.263268 
vt 0.458605 0.439912 
vt 0.457818 0.520371 
vt 0.444178 0.439215 
vt 0.563319 0.439893 
vt 0.56232 0.520138 
vt 0.551913 0.520349 
vt 0.457818 0.520371 
vt 0.444081 0.52122 
vt 0.444178 0.439215 
vt 0.50135 0.439904 
vt 0.500286 0.520425 
vt 0.472724 0.439909 
vt 0.545078 0.439896 
vt 0.46868 0.52039 
vt 0.458605 0.439912 
vt 0.457818 0.520371 
vt 0.471315 0.561299 
vt 0.45833 0.55701 
vt 0.500559 0.563933 
vt 0.540196 0.520372 
vt 0.55412 0.439894 
vt 0.535994 0.561835 
vt 0.551913 0.520349 
vt 0.563319 0.439893 
vt 0.550324 0.557888 
vt 0.823526 0.319084 
vt 0.864862 0.310163 
vt 0.887025 0.353148 
vt 0.78684 0.305925 
vt 0.822526 0.306501 
vt 0.7411 0.074828 
vt 0.690517 0.110005 
vt 0.674309 0.091325 
vt 0.731811 0.050959 
vt 0.7411 0.074828 
vt 0.674309 0.091325 
vt 0.676871 0.289614 
vt 0.711927 0.334293 
vt 0.694904 0.349363 
vt 0.653507 0.299495 
vt 0.676871 0.289614 
vt 0.694904 0.349363 
vt 0.434226 0.157339 
vt 0.438189 0.157852 
vt 0.439173 0.159703 
vt 0.913554 0.096258 
vt 0.859717 0.066526 
vt 0.868303 0.046117 
vt 0.931942 0.072389 
vt 0.913554 0.096258 
vt 0.868303 0.046117 
vt 0.46588 0.679882 
vt 0.463269 0.621804 
vt 0.467491 0.679874 
vt 0.467122 0.689858 
vt 0.500559 0.563933 
vt 0.535994 0.561835 
vt 0.500069 0.586022 
vt 0.500559 0.563933 
vt 0.500069 0.586022 
vt 0.471315 0.561299 
vt 0.500069 0.586022 
vt 0.476263 0.579744 
vt 0.471315 0.561299 
vt 0.471315 0.561299 
vt 0.45833 0.55701 
vt 0.351362 0.777519 
vt 0.378269 0.790594 
vt 0.377364 0.791762 
vt 0.380956 0.790701 
vt 0.377364 0.791762 
vt 0.378269 0.790594 
vt 0.499106 0.593047 
vt 0.507596 0.61854 
vt 0.476686 0.588846 
vt 0.499106 0.593047 
vt 0.528595 0.589561 
vt 0.507596 0.61854 
vt 0.476263 0.579744 
vt 0.463529 0.574021 
vt 0.45833 0.55701 
vt 0.45833 0.55701 
vt 0.463529 0.574021 
vt 0.448071 0.549667 
vt 0.535994 0.561835 
vt 0.550324 0.557888 
vt 0.527858 0.579435 
vt 0.535994 0.561835 
vt 0.527858 0.579435 
vt 0.500069 0.586022 
vt 0.897341 0.373675 
vt 0.887025 0.353148 
vt 0.954266 0.329273 
vt 0.887025 0.353148 
vt 0.934726 0.314511 
vt 0.954266 0.329273 
vt 0.550324 0.557888 
vt 0.555965 0.550258 
vt 0.544251 0.571544 
vt 0.457818 0.520371 
vt 0.45833 0.55701 
vt 0.444081 0.52122 
vt 0.551913 0.520349 
vt 0.56232 0.520138 
vt 0.550324 0.557888 
vt 0.550324 0.557888 
vt 0.544251 0.571544 
vt 0.527858 0.579435 
vt 0.463529 0.574021 
vt 0.451323 0.566532 
vt 0.448071 0.549667 
vt 0.45833 0.55701 
vt 0.448071 0.549667 
vt 0.444081 0.52122 
vt 0.56232 0.520138 
vt 0.555965 0.550258 
vt 0.550324 0.557888 
vt 0.555965 0.550258 
vt 0.552182 0.565784 
vt 0.544251 0.571544 
vt 0.694904 0.349363 
vt 0.711927 0.334293 
vt 0.75912 0.379671 
vt 0.801637 0.060216 
vt 0.7411 0.074828 
vt 0.731811 0.050959 
vt 0.799268 0.036923 
vt 0.801637 0.060216 
vt 0.731811 0.050959 
vt 0.859717 0.066526 
vt 0.801637 0.060216 
vt 0.799268 0.036923 
vt 0.868303 0.046117 
vt 0.859717 0.066526 
vt 0.799268 0.036923 
vt 0.269821 0.020038 
vt 0.304388 0.019893 
vt 0.270486 0.00463003 
vt 0.463269 0.621804 
vt 0.463267 0.61988 
vt 0.464729 0.621778 
vt 0.467491 0.679874 
vt 0.304388 0.019893 
vt 0.307837 0.00449002 
vt 0.270486 0.00463003 
vt 0.188031 0.021088 
vt 0.188822 0.00566798 
vt 0.17027 0.02124 
vt 0.188822 0.00566798 
vt 0.170995 0.00582099 
vt 0.17027 0.02124 
vt 0.436953 0.334211 
vt 0.432565 0.334159 
vt 0.435026 0.242362 
vt 0.432484 0.337531 
vt 0.828218 0.36603 
vt 0.887025 0.353148 
vt 0.897341 0.373675 
vt 0.830461 0.389441 
vt 0.828218 0.36603 
vt 0.897341 0.373675 
vt 0.439536 0.242417 
vt 0.435026 0.242362 
vt 0.434888 0.228011 
vt 0.434232 0.159631 
vt 0.434226 0.157339 
vt 0.439173 0.159703 
vt 0.439173 0.159703 
vt 0.439429 0.218044 
vt 0.439429 0.218044 
vt 0.434792 0.217983 
vt 0.434232 0.159631 
vt 0.401718 0.311224 
vt 0.399939 0.310814 
vt 0.399217 0.309 
vt 0.439536 0.242417 
vt 0.436953 0.334211 
vt 0.435026 0.242362 
vt 0.440753 0.419627 
vt 0.51274 0.418079 
vt 0.441272 0.338637 
vt 0.514423 0.340498 
vt 0.441272 0.338637 
vt 0.440753 0.419627 
vt 0.512596 0.423117 
vt 0.440602 0.424584 
vt 0.539191 0.689849 
vt 0.558671 0.689955 
vt 0.53657 0.704134 
vt 0.539844 0.658203 
vt 0.534984 0.704134 
vt 0.532276 0.776539 
vt 0.537607 0.689845 
vt 0.539191 0.689849 
vt 0.538342 0.658196 
vt 0.539844 0.658203 
vt 0.542442 0.62176 
vt 0.543891 0.621784 
vt 0.439473 0.22807 
vt 0.439536 0.242417 
vt 0.434888 0.228011 
vt 0.434792 0.217983 
vt 0.439429 0.218044 
vt 0.439473 0.22807 
vt 0.768984 0.359143 
vt 0.828218 0.36603 
vt 0.830461 0.389441 
vt 0.75912 0.379671 
vt 0.768984 0.359143 
vt 0.830461 0.389441 
vt 0.448911 0.702108 
vt 0.467681 0.704146 
vt 0.466117 0.761125 
vt 0.495254 0.366695 
vt 0.485629 0.314725 
vt 0.53437 0.370182 
vt 0.526886 0.312021 
vt 0.485057 0.312331 
vt 0.526886 0.312021 
vt 0.436953 0.334211 
vt 0.436035 0.33689 
vt 0.432484 0.337531 
vt 0.859717 0.066526 
vt 0.801637 0.060216 
vt 0.799268 0.036923 
vt 0.868303 0.046117 
vt 0.859717 0.066526 
vt 0.799268 0.036923 
vt 0.465006 0.689863 
vt 0.467681 0.704146 
vt 0.448911 0.702108 
vt 0.465006 0.689863 
vt 0.46588 0.679882 
vt 0.467122 0.689858 
vt 0.469774 0.704146 
vt 0.467681 0.704146 
vt 0.475014 0.776 
vt 0.448911 0.702108 
vt 0.453937 0.619106 
vt 0.801637 0.060216 
vt 0.7411 0.074828 
vt 0.731811 0.050959 
vt 0.799268 0.036923 
vt 0.801637 0.060216 
vt 0.731811 0.050959 
vt 0.448911 0.702108 
vt 0.46588 0.679882 
vt 0.465006 0.689863 
vt 0.4368 0.419892 
vt 0.440753 0.419627 
vt 0.441272 0.338637 
vt 0.4368 0.419892 
vt 0.440602 0.424584 
vt 0.532276 0.776539 
vt 0.53657 0.704134 
vt 0.558671 0.689955 
vt 0.768984 0.359143 
vt 0.828218 0.36603 
vt 0.830461 0.389441 
vt 0.75912 0.379671 
vt 0.768984 0.359143 
vt 0.830461 0.389441 
vt 0.539844 0.658203 
vt 0.543891 0.621784 
vt 0.558671 0.689955 
vt 0.627432 0.791598 
vt 0.626177 0.790396 
vt 0.656171 0.774761 
vt 0.544578 0.763473 
vt 0.532276 0.776539 
vt 0.558671 0.689955 
vt 0.828218 0.36603 
vt 0.887025 0.353148 
vt 0.897341 0.373675 
vt 0.830461 0.389441 
vt 0.828218 0.36603 
vt 0.897341 0.373675 
vt 0.626177 0.790396 
vt 0.627432 0.791598 
vt 0.62406 0.790689 
vt 0.393059 0.165622 
vt 0.39317 0.163356 
vt 0.427 0.163251 
vt 0.434226 0.157339 
vt 0.434232 0.159631 
vt 0.361434 0.157415 
vt 0.913554 0.096258 
vt 0.859717 0.066526 
vt 0.868303 0.046117 
vt 0.931942 0.072389 
vt 0.913554 0.096258 
vt 0.868303 0.046117 
vt 0.705746 0.223975 
vt 0.720247 0.225014 
vt 0.718781 0.263847 
vt 0.723665 0.187877 
vt 0.720247 0.225014 
vt 0.731873 0.259249 
vt 0.718781 0.263847 
vt 0.7411 0.074828 
vt 0.690517 0.110005 
vt 0.674309 0.091325 
vt 0.731811 0.050959 
vt 0.7411 0.074828 
vt 0.674309 0.091325 
vt 0.582999 0.790707 
vt 0.596564 0.790701 
vt 0.57928 0.792864 
vt 0.594956 0.789719 
vt 0.709164 0.18214 
vt 0.723665 0.187877 
vt 0.705746 0.223975 
vt 0.429229 0.78974 
vt 0.475014 0.776 
vt 0.478821 0.789678 
vt 0.430119 0.790685 
vt 0.467681 0.704146 
vt 0.466117 0.761125 
vt 0.624243 0.789719 
vt 0.623915 0.790689 
vt 0.596564 0.790701 
vt 0.623916 0.790756 
vt 0.619575 0.792798 
vt 0.596564 0.790701 
vt 0.918424 0.249957 
vt 0.902862 0.24583 
vt 0.924191 0.205304 
vt 0.924191 0.205304 
vt 0.90675 0.207753 
vt 0.910686 0.164962 
vt 0.902862 0.24583 
vt 0.924191 0.205304 
vt 0.711927 0.334293 
vt 0.768984 0.359143 
vt 0.75912 0.379671 
vt 0.694904 0.349363 
vt 0.711927 0.334293 
vt 0.75912 0.379671 
vt 0.624243 0.789719 
vt 0.626177 0.790396 
vt 0.623915 0.790689 
vt 0.897341 0.373675 
vt 0.887025 0.353148 
vt 0.954266 0.329273 
vt 0.887025 0.353148 
vt 0.934726 0.314511 
vt 0.954266 0.329273 
vt 0.731873 0.259249 
vt 0.752967 0.288662 
vt 0.744153 0.300455 
vt 0.718781 0.263847 
vt 0.731873 0.259249 
vt 0.744153 0.300455 
vt 0.897806 0.283301 
vt 0.886472 0.275885 
vt 0.918424 0.249957 
vt 0.886472 0.275885 
vt 0.902862 0.24583 
vt 0.918424 0.249957 
vt 0.743344 0.156882 
vt 0.723665 0.187877 
vt 0.709164 0.18214 
vt 0.731661 0.146917 
vt 0.743344 0.156882 
vt 0.709164 0.18214 
vt 0.656171 0.774761 
vt 0.626177 0.790396 
vt 0.624243 0.789719 
vt 0.948609 0.143819 
vt 0.913554 0.096258 
vt 0.931942 0.072389 
vt 0.972763 0.129175 
vt 0.948609 0.143819 
vt 0.931942 0.072389 
vt 0.910686 0.164962 
vt 0.896063 0.173518 
vt 0.881556 0.133051 
vt 0.90675 0.207753 
vt 0.910686 0.164962 
vt 0.378269 0.790594 
vt 0.380679 0.789758 
vt 0.380956 0.790701 
vt 0.380679 0.789758 
vt 0.378269 0.790594 
vt 0.351362 0.777519 
vt 0.543891 0.621784 
vt 0.554953 0.618626 
vt 0.558671 0.689955 
vt 0.896063 0.173518 
vt 0.870692 0.145364 
vt 0.881556 0.133051 
vt 0.690517 0.110005 
vt 0.659192 0.166896 
vt 0.634601 0.161943 
vt 0.674309 0.091325 
vt 0.690517 0.110005 
vt 0.634601 0.161943 
vt 0.954266 0.329273 
vt 0.934726 0.314511 
vt 0.985326 0.263268 
vt 0.858695 0.296642 
vt 0.886472 0.275885 
vt 0.897806 0.283301 
vt 0.864862 0.310163 
vt 0.858695 0.296642 
vt 0.897806 0.283301 
vt 0.996434 0.197704 
vt 0.970551 0.199663 
vt 0.972763 0.129175 
vt 0.970551 0.199663 
vt 0.948609 0.143819 
vt 0.972763 0.129175 
vt 0.752967 0.288662 
vt 0.78684 0.305925 
vt 0.782154 0.318138 
vt 0.744153 0.300455 
vt 0.752967 0.288662 
vt 0.782154 0.318138 
vt 0.676871 0.289614 
vt 0.711927 0.334293 
vt 0.694904 0.349363 
vt 0.653507 0.299495 
vt 0.676871 0.289614 
vt 0.694904 0.349363 
vt 0.934726 0.314511 
vt 0.964055 0.260614 
vt 0.985326 0.263268 
vt 0.985326 0.263268 
vt 0.996434 0.197704 
vt 0.964055 0.260614 
vt 0.970551 0.199663 
vt 0.996434 0.197704 
vt 0.463267 0.61988 
vt 0.463269 0.621804 
vt 0.453937 0.619106 
vt 0.46588 0.679882 
vt 0.772999 0.134716 
vt 0.743344 0.156882 
vt 0.731661 0.146917 
vt 0.765075 0.120994 
vt 0.772999 0.134716 
vt 0.731661 0.146917 
vt 0.634601 0.161943 
vt 0.659192 0.166896 
vt 0.630988 0.234426 
vt 0.656998 0.230043 
vt 0.676871 0.289614 
vt 0.653507 0.299495 
vt 0.630988 0.234426 
vt 0.656998 0.230043 
vt 0.653507 0.299495 
vt 0.659192 0.166896 
vt 0.543891 0.621784 
vt 0.54388 0.619849 
vt 0.554953 0.618626 
vt 0.432565 0.334159 
vt 0.432484 0.337531 
vt 0.356591 0.335636 
vt 0.870692 0.145364 
vt 0.843025 0.126742 
vt 0.846844 0.112081 
vt 0.881556 0.133051 
vt 0.870692 0.145364 
vt 0.846844 0.112081 
vt 0.822526 0.306501 
vt 0.858695 0.296642 
vt 0.864862 0.310163 
vt 0.823526 0.319084 
vt 0.822526 0.306501 
vt 0.864862 0.310163 
vt 0.78684 0.305925 
vt 0.822526 0.306501 
vt 0.823526 0.319084 
vt 0.782154 0.318138 
vt 0.78684 0.305925 
vt 0.823526 0.319084 
vt 0.80635 0.122509 
vt 0.772999 0.134716 
vt 0.765075 0.120994 
vt 0.804532 0.107377 
vt 0.80635 0.122509 
vt 0.765075 0.120994 
vt 0.843025 0.126742 
vt 0.80635 0.122509 
vt 0.804532 0.107377 
vt 0.846844 0.112081 
vt 0.843025 0.126742 
vt 0.804532 0.107377 
vt 0.17027 0.02124 
vt 0.170995 0.00582099 
vt 0.156259 0.00585598 
vt 0.155147 0.021687 
vt 0.17027 0.02124 
vt 0.156259 0.00585598 
vt 0.393059 0.165622 
vt 0.427 0.163251 
vt 0.391654 0.210568 
vt 0.393059 0.165622 
vt 0.390957 0.165578 
vt 0.390957 0.165578 
vt 0.39317 0.163356 
vt 0.38955 0.209528 
vt 0.390957 0.165578 
vt 0.396278 0.236074 
vt 0.394174 0.234558 
vt 0.427 0.163251 
vt 0.435722 0.246985 
vt 0.396278 0.236074 
vt 0.39306 0.25735 
vt 0.396278 0.236074 
vt 0.390956 0.257355 
vt 0.401251 0.30897 
vt 0.443547 0.3116 
vt 0.401251 0.30897 
vt 0.399217 0.309 
vt 0.401718 0.311224 
vt 0.399217 0.309 
vt 0.401718 0.311224 
vt 0.443547 0.3116 
vt 0.782154 0.318138 
vt 0.78684 0.305925 
vt 0.823526 0.319084 
vt 0.434888 0.228011 
vt 0.435026 0.242362 
vt 0.357966 0.234244 
vt 0.319239 0.020494 
vt 0.323428 0.00507998 
vt 0.304388 0.019893 
vt 0.307837 0.00449002 
vt 0.304388 0.019893 
vt 0.432565 0.334159 
vt 0.356591 0.335636 
vt 0.435026 0.242362 
vt 0.357966 0.234244 
vt 0.434792 0.217983 
vt 0.434888 0.228011 
vt 0.358755 0.216751 
vt 0.361434 0.157415 
vt 0.434792 0.217983 
vt 0.356591 0.335636 
vt 0.357966 0.234244 
vt 0.435026 0.242362 
vt 0.466117 0.761125 
vt 0.475014 0.776 
vt 0.413328 0.766245 
vt 0.361434 0.157415 
vt 0.434232 0.159631 
vt 0.434792 0.217983 
vt 0.822526 0.306501 
vt 0.858695 0.296642 
vt 0.864862 0.310163 
vt 0.823526 0.319084 
vt 0.822526 0.306501 
vt 0.864862 0.310163 
vt 0.573796 0.390954 
vt 0.577231 0.390954 
vt 0.577231 0.394388 
vt 0.573796 0.394388 
vt 0.573796 0.38752 
vt 0.577231 0.38752 
vt 0.575513 0.384085 
vt 0.142327 0.021932 
vt 0.142762 0.006899 
vt 0.116288 0.022762 
vt 0.117116 0.00771701 
vt 0.116288 0.022762 
vt 0.579708 0.789719 
vt 0.529713 0.789696 
vt 0.532276 0.776539 
vt 0.579708 0.789719 
vt 0.529281 0.790691 
vt 0.582999 0.790707 
vt 0.528577 0.79287 
vt 0.843025 0.126742 
vt 0.80635 0.122509 
vt 0.804532 0.107377 
vt 0.846844 0.112081 
vt 0.843025 0.126742 
vt 0.804532 0.107377 
vt 0.156259 0.00585598 
vt 0.142762 0.006899 
vt 0.142327 0.021932 
vt 0.155147 0.021687 
vt 0.156259 0.00585598 
vt 0.142327 0.021932 
vt 0.80635 0.122509 
vt 0.772999 0.134716 
vt 0.765075 0.120994 
vt 0.804532 0.107377 
vt 0.80635 0.122509 
vt 0.765075 0.120994 
vt 0.752967 0.288662 
vt 0.78684 0.305925 
vt 0.782154 0.318138 
vt 0.744153 0.300455 
vt 0.752967 0.288662 
vt 0.782154 0.318138 
vt 0.335833 0.00521302 
vt 0.323428 0.00507998 
vt 0.319239 0.020494 
vt 0.333657 0.020639 
vt 0.335833 0.00521302 
vt 0.319239 0.020494 
vt 0.354568 0.00544697 
vt 0.335833 0.00521302 
vt 0.333657 0.020639 
vt 0.354049 0.020498 
vt 0.354568 0.00544697 
vt 0.858695 0.296642 
vt 0.886472 0.275885 
vt 0.897806 0.283301 
vt 0.864862 0.310163 
vt 0.858695 0.296642 
vt 0.897806 0.283301 
vt 0.626177 0.790396 
vt 0.62406 0.790689 
vt 0.623915 0.790689 
vt 0.623916 0.790756 
vt 0.870692 0.145364 
vt 0.843025 0.126742 
vt 0.846844 0.112081 
vt 0.881556 0.133051 
vt 0.870692 0.145364 
vt 0.846844 0.112081 
vt 0.772999 0.134716 
vt 0.743344 0.156882 
vt 0.731661 0.146917 
vt 0.765075 0.120994 
vt 0.772999 0.134716 
vt 0.731661 0.146917 
vt 0.731873 0.259249 
vt 0.752967 0.288662 
vt 0.744153 0.300455 
vt 0.718781 0.263847 
vt 0.731873 0.259249 
vt 0.744153 0.300455 
vt 0.601311 0.772144 
vt 0.579708 0.789719 
vt 0.544578 0.763473 
vt 0.624243 0.789719 
vt 0.594956 0.789719 
vt 0.601311 0.772144 
vt 0.596564 0.790701 
vt 0.897806 0.283301 
vt 0.886472 0.275885 
vt 0.918424 0.249957 
vt 0.886472 0.275885 
vt 0.902862 0.24583 
vt 0.918424 0.249957 
vt 0.429229 0.78974 
vt 0.380679 0.789758 
vt 0.351362 0.777519 
vt 0.380956 0.790701 
vt 0.720247 0.225014 
vt 0.731873 0.259249 
vt 0.718781 0.263847 
vt 0.743344 0.156882 
vt 0.723665 0.187877 
vt 0.709164 0.18214 
vt 0.731661 0.146917 
vt 0.743344 0.156882 
vt 0.709164 0.18214 
vt 0.579708 0.789719 
vt 0.532276 0.776539 
vt 0.544578 0.763473 
vt 0.705746 0.223975 
vt 0.720247 0.225014 
vt 0.718781 0.263847 
vt 0.723665 0.187877 
vt 0.896063 0.173518 
vt 0.870692 0.145364 
vt 0.881556 0.133051 
vt 0.475014 0.776 
vt 0.429229 0.78974 
vt 0.413328 0.766245 
vt 0.503352 0.778221 
vt 0.532276 0.776539 
vt 0.529713 0.789696 
vt 0.709164 0.18214 
vt 0.723665 0.187877 
vt 0.705746 0.223975 
vt 0.656171 0.774761 
vt 0.624243 0.789719 
vt 0.601311 0.772144 
vt 0.413328 0.766245 
vt 0.429229 0.78974 
vt 0.351362 0.777519 
vt 0.594956 0.789719 
vt 0.579708 0.789719 
vt 0.601311 0.772144 
vt 0.582999 0.790707 
vt 0.910686 0.164962 
vt 0.896063 0.173518 
vt 0.881556 0.133051 
vt 0.90675 0.207753 
vt 0.910686 0.164962 
vt 0.918424 0.249957 
vt 0.902862 0.24583 
vt 0.924191 0.205304 
vt 0.902862 0.24583 
vt 0.90675 0.207753 
vt 0.924191 0.205304 
vt 0.924191 0.205304 
vt 0.90675 0.207753 
vt 0.910686 0.164962 
vt 0.587534 0.390954 
vt 0.590969 0.390954 
vt 0.590969 0.394388 
vt 0.587534 0.394388 
vt 0.587534 0.38752 
vt 0.590969 0.38752 
vt 0.589251 0.384085 
vt 0.590969 0.394388 
vt 0.590969 0.390954 
vt 0.594403 0.394388 
vt 0.594403 0.390954 
vt 0.590969 0.38752 
vt 0.594403 0.38752 
vt 0.592686 0.384085 

usemtl Meshesmshsquidwardhouse1Mtl

f 1/1/1 2/2/2 3/3/3 
f 4/4/4 5/5/5 6/6/6 
f 7/7/7 8/8/8 6/6/6 
f 9/9/9 10/10/10 11/11/11 
f 12/12/12 13/13/13 14/14/14 
f 15/15/15 12/12/12 14/14/14 
f 12/12/12 16/16/16 13/13/13 
f 16/16/16 17/17/17 13/13/13 
f 16/16/16 18/18/18 17/17/17 
f 19/19/19 20/20/20 21/21/21 
f 22/22/22 23/23/23 24/24/24 
f 25/25/25 26/26/26 27/27/27 
f 28/28/28 29/29/29 30/30/30 
f 31/31/31 32/32/32 33/33/33 
f 34/34/34 35/35/35 36/36/36 
f 35/35/35 37/37/37 38/38/38 
f 39/39/39 35/35/35 34/34/34 
f 40/40/40 39/39/39 41/41/41 
f 42/42/42 39/39/39 40/40/40 
f 43/43/43 42/42/42 40/40/40 
f 43/43/43 44/44/44 42/42/42 
f 42/42/42 45/45/45 39/39/39 
f 39/39/39 46/46/46 35/35/35 
f 45/45/45 46/46/46 39/39/39 
f 46/46/46 47/47/47 35/35/35 
f 35/35/35 47/47/47 48/48/48 
f 45/45/45 49/49/49 46/46/46 
f 42/42/42 50/50/50 45/45/45 
f 51/51/51 50/50/50 42/42/42 
f 52/52/52 50/50/50 51/51/51 
f 53/53/53 52/52/52 44/44/44 
f 54/54/54 52/52/52 53/53/53 
f 55/55/55 56/56/56 52/52/52 
f 50/50/50 57/57/57 45/45/45 
f 45/45/45 57/57/57 49/49/49 
f 58/58/58 59/59/59 60/60/60 
f 52/52/52 61/61/61 50/50/50 
f 61/61/61 57/57/57 50/50/50 
f 62/62/62 61/61/61 52/52/52 
f 62/62/62 63/63/63 61/61/61 
f 61/61/61 64/64/64 57/57/57 
f 65/65/65 64/64/64 61/61/61 
f 66/66/66 67/67/67 64/64/64 
f 64/64/64 68/68/68 57/57/57 
f 57/57/57 68/68/68 49/49/49 
f 64/64/64 69/69/69 68/68/68 
f 70/70/70 69/69/69 64/64/64 
f 49/49/49 68/68/68 71/71/71 
f 68/68/68 72/72/72 73/73/73 
f 74/74/74 72/72/72 68/68/68 
f 49/49/49 71/71/71 75/75/75 
f 49/49/49 75/75/75 46/46/46 
f 71/71/71 76/76/76 75/75/75 
f 46/46/46 75/75/75 47/47/47 
f 75/75/75 76/76/76 77/77/77 
f 75/75/75 77/77/77 47/47/47 
f 47/47/47 77/77/77 78/78/78 
f 79/79/79 80/80/80 77/77/77 
f 77/77/77 80/80/80 81/81/81 
f 80/80/80 82/82/82 81/81/81 
f 83/83/83 84/84/84 85/85/85 
f 86/86/86 87/87/87 88/88/88 
f 89/89/89 90/90/90 91/91/91 
f 92/92/92 93/93/93 94/94/94 
f 95/95/95 96/96/96 97/97/97 
f 98/98/98 99/99/99 100/100/100 
f 101/101/101 102/102/102 103/103/103 
f 102/102/102 104/104/104 103/103/103 
f 105/105/105 106/106/106 107/107/107 
f 108/108/108 109/109/109 110/110/110 
f 111/111/111 112/112/112 113/113/113 
f 114/114/114 115/115/115 116/116/116 
f 114/114/114 117/117/117 115/115/115 
f 118/118/118 119/119/119 120/120/120 
f 121/121/121 122/122/122 123/123/123 
f 123/123/123 124/124/124 121/121/121 
f 125/125/125 126/126/126 127/127/127 
f 125/125/125 128/128/128 126/126/126 
f 129/129/129 130/130/130 131/131/131 
f 132/132/132 133/133/133 134/134/134 
f 135/135/135 134/134/134 136/136/136 
f 137/137/137 135/135/135 136/136/136 
f 138/138/138 136/136/136 139/139/139 
f 140/140/140 141/141/141 142/142/142 
f 140/140/140 143/143/143 141/141/141 
f 144/144/144 145/145/145 146/146/146 
f 147/147/147 148/148/148 149/149/149 
f 150/150/150 151/151/151 152/152/152 
f 153/153/153 154/154/154 155/155/155 
f 153/153/153 155/155/155 156/156/156 
f 157/157/157 153/153/153 156/156/156 
f 157/157/157 156/156/156 158/158/158 
f 159/159/159 157/157/157 158/158/158 
f 159/159/159 158/158/158 160/160/160 
f 161/161/161 159/159/159 160/160/160 
f 161/161/161 160/160/160 162/162/162 
f 163/163/163 161/161/161 162/162/162 
f 163/163/163 162/162/162 164/164/164 
f 165/165/165 163/163/163 164/164/164 
f 165/165/165 164/164/164 166/166/166 
f 167/167/167 165/165/165 166/166/166 
f 167/167/167 168/168/168 169/169/169 
f 170/170/170 167/167/167 169/169/169 
f 171/171/171 172/172/172 173/173/173 
f 174/174/174 171/171/171 173/173/173 
f 175/175/175 176/176/176 177/177/177 
f 178/178/178 176/176/176 175/175/175 
f 179/179/179 178/178/178 175/175/175 
f 180/180/180 181/181/181 182/182/182 
f 183/183/183 181/181/181 180/180/180 
f 184/184/184 183/183/183 180/180/180 
f 181/181/181 185/185/185 182/182/182 
f 182/182/182 186/186/186 187/187/187 
f 188/188/188 182/182/182 189/189/189 
f 188/188/188 189/189/189 190/190/190 
f 182/182/182 191/191/191 189/189/189 
f 182/182/182 192/192/192 191/191/191 
f 192/192/192 182/182/182 187/187/187 
f 192/192/192 193/193/193 191/191/191 
f 192/192/192 187/187/187 194/194/194 
f 192/192/192 195/195/195 193/193/193 
f 195/195/195 196/196/196 193/193/193 
f 195/195/195 197/197/197 196/196/196 
f 198/198/198 187/187/187 199/199/199 
f 198/198/198 200/200/200 187/187/187 
f 201/201/201 202/202/202 199/199/199 
f 200/200/200 203/203/203 187/187/187 
f 200/200/200 204/204/204 203/203/203 
f 205/205/205 206/206/206 203/203/203 
f 206/206/206 205/205/205 207/207/207 
f 208/208/208 201/201/201 209/209/209 
f 209/209/209 210/210/210 208/208/208 
f 211/211/211 212/212/212 209/209/209 
f 187/187/187 213/213/213 214/214/214 
f 215/215/215 214/214/214 213/213/213 
f 216/216/216 217/217/217 213/213/213 
f 218/218/218 217/217/217 216/216/216 
f 219/219/219 218/218/218 216/216/216 
f 220/220/220 221/221/221 222/222/222 
f 220/220/220 223/223/223 221/221/221 
f 223/223/223 224/224/224 221/221/221 
f 225/225/225 220/220/220 222/222/222 
f 225/225/225 222/222/222 226/226/226 
f 227/227/227 225/225/225 226/226/226 
f 227/227/227 226/226/226 228/228/228 
f 229/229/229 227/227/227 228/228/228 
f 229/229/229 228/228/228 230/230/230 
f 231/231/231 229/229/229 230/230/230 
f 231/231/231 230/230/230 232/232/232 
f 154/154/154 231/231/231 232/232/232 
f 154/154/154 232/232/232 155/155/155 
f 233/233/233 234/234/234 235/235/235 
f 236/236/236 237/237/237 238/238/238 
f 236/236/236 239/239/239 237/237/237 
f 239/239/239 240/240/240 241/241/241 
f 239/239/239 242/242/242 240/240/240 
f 242/242/242 243/243/243 240/240/240 
f 242/242/242 244/244/244 243/243/243 
f 244/244/244 245/245/245 246/246/246 
f 244/244/244 246/246/246 247/247/247 
f 248/248/248 240/240/240 249/249/249 
f 250/250/250 248/248/248 249/249/249 
f 249/249/249 240/240/240 251/251/251 
f 252/252/252 248/248/248 250/250/250 
f 240/240/240 253/253/253 251/251/251 
f 254/254/254 252/252/252 250/250/250 
f 255/255/255 252/252/252 254/254/254 
f 256/256/256 255/255/255 254/254/254 
f 251/251/251 253/253/253 257/257/257 
f 258/258/258 255/255/255 256/256/256 
f 253/253/253 259/259/259 257/257/257 
f 260/260/260 258/258/258 256/256/256 
f 257/257/257 259/259/259 261/261/261 
f 262/262/262 258/258/258 260/260/260 
f 263/263/263 257/257/257 261/261/261 
f 264/264/264 262/262/262 260/260/260 
f 263/263/263 261/261/261 265/265/265 
f 264/264/264 266/266/266 262/262/262 
f 261/261/261 267/267/267 265/265/265 
f 265/265/265 267/267/267 268/268/268 
f 267/267/267 269/269/269 268/268/268 
f 266/266/266 270/270/270 262/262/262 
f 266/266/266 271/271/271 270/270/270 
f 271/271/271 272/272/272 270/270/270 
f 271/271/271 273/273/273 272/272/272 
f 273/273/273 274/274/274 272/272/272 
f 273/273/273 275/275/275 274/274/274 
f 275/275/275 276/276/276 277/277/277 
f 278/278/278 279/279/279 280/280/280 
f 278/278/278 280/280/280 281/281/281 
f 279/279/279 282/282/282 280/280/280 
f 279/279/279 283/283/283 282/282/282 
f 283/283/283 284/284/284 282/282/282 
f 285/285/285 286/286/286 287/287/287 
f 288/288/288 289/289/289 290/290/290 
f 291/291/291 292/292/292 293/293/293 
f 291/291/291 294/294/294 292/292/292 
f 295/295/295 296/296/296 297/297/297 
f 298/298/298 295/295/295 297/297/297 
f 295/295/295 299/299/299 296/296/296 
f 299/299/299 300/300/300 296/296/296 
f 299/299/299 301/301/301 300/300/300 
f 302/302/302 303/303/303 304/304/304 
f 305/305/305 306/306/306 307/307/307 
f 308/308/308 309/309/309 310/310/310 
f 308/308/308 310/310/310 311/311/311 
f 312/312/312 308/308/308 313/313/313 
f 312/312/312 313/313/313 314/314/314 
f 315/315/315 316/316/316 314/314/314 
f 315/315/315 314/314/314 317/317/317 
f 232/232/232 315/315/315 318/318/318 
f 232/232/232 317/317/317 319/319/319 
f 320/320/320 232/232/232 319/319/319 
f 320/320/320 319/319/319 321/321/321 
f 322/322/322 321/321/321 323/323/323 
f 322/322/322 324/324/324 321/321/321 
f 325/325/325 322/322/322 326/326/326 
f 325/325/325 326/326/326 327/327/327 
f 328/328/328 325/325/325 327/327/327 
f 328/328/328 327/327/327 329/329/329 
f 330/330/330 328/328/328 329/329/329 
f 330/330/330 329/329/329 331/331/331 
f 332/332/332 330/330/330 331/331/331 
f 332/332/332 331/331/331 333/333/333 
f 334/334/334 332/332/332 335/335/335 
f 334/334/334 335/335/335 336/336/336 
f 337/337/337 336/336/336 338/338/338 
f 337/337/337 339/339/339 340/340/340 
f 341/341/341 331/331/331 342/342/342 
f 341/341/341 342/342/342 343/343/343 
f 344/344/344 341/341/341 343/343/343 
f 344/344/344 343/343/343 345/345/345 
f 346/346/346 347/347/347 348/348/348 
f 346/346/346 348/348/348 349/349/349 
f 347/347/347 350/350/350 348/348/348 
f 347/347/347 351/351/351 350/350/350 
f 352/352/352 353/353/353 354/354/354 
f 352/352/352 355/355/355 353/353/353 
f 355/355/355 356/356/356 353/353/353 
f 309/309/309 352/352/352 354/354/354 
f 309/309/309 354/354/354 310/310/310 
f 357/357/357 358/358/358 359/359/359 
f 357/357/357 360/360/360 358/358/358 
f 361/361/361 362/362/362 363/363/363 
f 364/364/364 361/361/361 363/363/363 
f 365/365/365 364/364/364 366/366/366 
f 367/367/367 368/368/368 369/369/369 
f 367/367/367 369/369/369 370/370/370 
f 371/371/371 367/367/367 370/370/370 
f 371/371/371 370/370/370 372/372/372 
f 373/373/373 371/371/371 372/372/372 
f 373/373/373 372/372/372 374/374/374 
f 375/375/375 376/376/376 377/377/377 
f 378/378/378 375/375/375 377/377/377 
f 379/379/379 380/380/380 381/381/381 
f 382/382/382 379/379/379 381/381/381 
f 382/382/382 381/381/381 383/383/383 
f 384/384/384 383/383/383 385/385/385 
f 384/384/384 386/386/386 383/383/383 
f 387/387/387 388/388/388 389/389/389 
f 390/390/390 391/391/391 392/392/392 
f 393/393/393 391/391/391 394/394/394 
f 395/395/395 393/393/393 394/394/394 
f 396/396/396 397/397/397 398/398/398 
f 396/396/396 399/399/399 397/397/397 
f 397/397/397 400/400/400 398/398/398 
f 401/401/401 398/398/398 400/400/400 
f 399/399/399 402/402/402 403/403/403 
f 399/399/399 403/403/403 404/404/404 
f 405/405/405 406/406/406 407/407/407 
f 405/405/405 407/407/407 408/408/408 
f 406/406/406 409/409/409 407/407/407 
f 406/406/406 410/410/410 409/409/409 
f 411/411/411 405/405/405 408/408/408 
f 411/411/411 408/408/408 412/412/412 
f 413/413/413 411/411/411 412/412/412 
f 413/413/413 412/412/412 414/414/414 
f 415/415/415 413/413/413 414/414/414 
f 416/416/416 417/417/417 409/409/409 
f 416/416/416 418/418/418 417/417/417 
f 415/415/415 414/414/414 419/419/419 
f 420/420/420 415/415/415 419/419/419 
f 420/420/420 419/419/419 421/421/421 
f 422/422/422 420/420/420 423/423/423 
f 414/414/414 424/424/424 425/425/425 
f 414/414/414 425/425/425 426/426/426 
f 427/427/427 414/414/414 426/426/426 
f 428/428/428 426/426/426 429/429/429 
f 430/430/430 428/428/428 431/431/431 
f 432/432/432 433/433/433 434/434/434 
f 432/432/432 435/435/435 433/433/433 
f 432/432/432 436/436/436 435/435/435 
f 432/432/432 437/437/437 436/436/436 
f 438/438/438 439/439/439 436/436/436 
f 438/438/438 440/440/440 439/439/439 
f 440/440/440 441/441/441 439/439/439 
f 440/440/440 442/442/442 441/441/441 
f 442/442/442 443/443/443 441/441/441 
f 442/442/442 444/444/444 443/443/443 
f 444/444/444 445/445/445 446/446/446 
f 444/444/444 447/447/447 445/445/445 
f 447/447/447 448/448/448 445/445/445 
f 449/449/449 450/450/450 451/451/451 
f 452/452/452 453/453/453 454/454/454 
f 452/452/452 455/455/455 456/456/456 
f 457/457/457 458/458/458 459/459/459 
f 457/457/457 460/460/460 458/458/458 
f 460/460/460 461/461/461 458/458/458 
f 460/460/460 462/462/462 461/461/461 
f 462/462/462 463/463/463 464/464/464 
f 462/462/462 465/465/465 463/463/463 
f 465/465/465 466/466/466 463/463/463 
f 465/465/465 467/467/467 466/466/466 
f 467/467/467 468/468/468 466/466/466 
f 467/467/467 469/469/469 468/468/468 
f 469/469/469 470/470/470 471/471/471 
f 472/472/472 471/471/471 473/473/473 
f 470/470/470 474/474/474 471/471/471 
f 470/470/470 475/475/475 474/474/474 
f 475/475/475 476/476/476 474/474/474 
f 477/477/477 478/478/478 476/476/476 
f 331/331/331 471/471/471 479/479/479 
f 331/331/331 480/480/480 471/471/471 
f 480/480/480 481/481/481 471/471/471 
f 480/480/480 482/482/482 481/481/481 
f 482/482/482 483/483/483 481/481/481 
f 482/482/482 484/484/484 483/483/483 
f 484/484/484 485/485/485 483/483/483 
f 486/486/486 487/487/487 485/485/485 
f 487/487/487 488/488/488 489/489/489 
f 487/487/487 490/490/490 488/488/488 
f 490/490/490 491/491/491 488/488/488 
f 490/490/490 492/492/492 491/491/491 
f 492/492/492 493/493/493 491/491/491 
f 493/493/493 494/494/494 491/491/491 
f 495/495/495 496/496/496 491/491/491 
f 495/495/495 497/497/497 496/496/496 
f 497/497/497 498/498/498 496/496/496 
f 497/497/497 499/499/499 498/498/498 
f 500/500/500 501/501/501 502/502/502 
f 503/503/503 504/504/504 505/505/505 
f 506/506/506 507/507/507 508/508/508 
f 509/509/509 510/510/510 511/511/511 
f 512/512/512 513/513/513 514/514/514 
f 515/515/515 516/516/516 517/517/517 
f 518/518/518 519/519/519 520/520/520 
f 521/521/521 522/522/522 523/523/523 
f 524/524/524 525/525/525 526/526/526 
f 525/525/525 527/527/527 528/528/528 
f 525/525/525 529/529/529 527/527/527 
f 529/529/529 530/530/530 527/527/527 
f 529/529/529 531/531/531 530/530/530 
f 531/531/531 532/532/532 530/530/530 
f 531/531/531 533/533/533 532/532/532 
f 533/533/533 534/534/534 532/532/532 
f 533/533/533 457/457/457 534/534/534 
f 535/535/535 536/536/536 537/537/537 
f 538/538/538 539/539/539 540/540/540 
f 541/541/541 542/542/542 543/543/543 
f 544/544/544 545/545/545 546/546/546 
f 544/544/544 546/546/546 547/547/547 
f 548/548/548 544/544/544 547/547/547 
f 545/545/545 549/549/549 546/546/546 
f 545/545/545 550/550/550 549/549/549 
f 551/551/551 552/552/552 549/549/549 
f 551/551/551 553/553/553 552/552/552 
f 548/548/548 554/554/554 555/555/555 
f 556/556/556 548/548/548 555/555/555 
f 556/556/556 555/555/555 557/557/557 
f 558/558/558 559/559/559 560/560/560 
f 558/558/558 560/560/560 561/561/561 
f 562/562/562 563/563/563 560/560/560 
f 562/562/562 564/564/564 563/563/563 
f 565/565/565 566/566/566 567/567/567 
f 568/568/568 569/569/569 570/570/570 
f 571/571/571 568/568/568 570/570/570 
f 568/568/568 572/572/572 569/569/569 
f 572/572/572 573/573/573 569/569/569 
f 572/572/572 574/574/574 573/573/573 
f 575/575/575 576/576/576 577/577/577 
f 575/575/575 577/577/577 578/578/578 
f 579/579/579 580/580/580 581/581/581 
f 580/580/580 579/579/579 582/582/582 
f 583/583/583 584/584/584 585/585/585 
f 584/584/584 583/583/583 586/586/586 
f 587/587/587 588/588/588 589/589/589 
f 587/587/587 589/589/589 590/590/590 
f 591/591/591 590/590/590 592/592/592 
f 591/591/591 593/593/593 590/590/590 
f 594/594/594 595/595/595 596/596/596 
f 597/597/597 598/598/598 599/599/599 
f 600/600/600 597/597/597 601/601/601 
f 602/602/602 601/601/601 603/603/603 
f 604/604/604 605/605/605 606/606/606 
f 607/607/607 608/608/608 609/609/609 
f 607/607/607 609/609/609 610/610/610 
f 608/608/608 611/611/611 609/609/609 
f 612/612/612 613/613/613 610/610/610 
f 608/608/608 614/614/614 611/611/611 
f 614/614/614 615/615/615 611/611/611 
f 614/614/614 616/616/616 615/615/615 
f 616/616/616 617/617/617 615/615/615 
f 618/618/618 619/619/619 620/620/620 
f 621/621/621 622/622/622 623/623/623 
f 624/624/624 621/621/621 623/623/623 
f 624/624/624 623/623/623 625/625/625 
f 621/621/621 626/626/626 622/622/622 
f 626/626/626 627/627/627 622/622/622 
f 626/626/626 628/628/628 629/629/629 
f 628/628/628 630/630/630 631/631/631 
f 628/628/628 632/632/632 630/630/630 
f 632/632/632 633/633/633 630/630/630 
f 632/632/632 634/634/634 633/633/633 
f 635/635/635 633/633/633 636/636/636 
f 635/635/635 636/636/636 637/637/637 
f 638/638/638 635/635/635 639/639/639 
f 638/638/638 639/639/639 640/640/640 
f 641/641/641 642/642/642 636/636/636 
f 641/641/641 643/643/643 642/642/642 
f 644/644/644 645/645/645 642/642/642 
f 644/644/644 646/646/646 645/645/645 
f 647/647/647 648/648/648 645/645/645 
f 649/649/649 650/650/650 651/651/651 
f 652/652/652 653/653/653 650/650/650 
f 654/654/654 655/655/655 656/656/656 
f 657/657/657 658/658/658 659/659/659 
f 657/657/657 660/660/660 658/658/658 
f 661/661/661 662/662/662 663/663/663 
f 664/664/664 665/665/665 666/666/666 
f 667/667/667 668/668/668 666/666/666 
f 669/669/669 670/670/670 671/671/671 
f 672/672/672 673/673/673 674/674/674 
f 672/672/672 675/675/675 673/673/673 
f 676/676/676 672/672/672 674/674/674 
f 676/676/676 674/674/674 677/677/677 
f 678/678/678 676/676/676 677/677/677 
f 679/679/679 680/680/680 673/673/673 
f 679/679/679 681/681/681 680/680/680 
f 682/682/682 683/683/683 684/684/684 
f 685/685/685 686/686/686 687/687/687 
f 688/688/688 689/689/689 690/690/690 
f 691/691/691 692/692/692 693/693/693 
f 694/694/694 695/695/695 696/696/696 
f 697/697/697 698/698/698 699/699/699 
f 700/700/700 697/697/697 699/699/699 
f 697/697/697 701/701/701 698/698/698 
f 701/701/701 702/702/702 698/698/698 
f 701/701/701 703/703/703 702/702/702 
f 704/704/704 705/705/705 706/706/706 
f 704/704/704 707/707/707 708/708/708 
f 707/707/707 709/709/709 708/708/708 
f 707/707/707 710/710/710 709/709/709 
f 710/710/710 711/711/711 709/709/709 
f 710/710/710 712/712/712 711/711/711 
f 713/713/713 714/714/714 711/711/711 
f 711/711/711 715/715/715 716/716/716 
f 711/711/711 717/717/717 715/715/715 
f 718/718/718 711/711/711 719/719/719 
f 718/718/718 719/719/719 720/720/720 
f 721/721/721 722/722/722 715/715/715 
f 721/721/721 723/723/723 722/722/722 
f 724/724/724 725/725/725 722/722/722 
f 726/726/726 727/727/727 728/728/728 
f 729/729/729 730/730/730 731/731/731 
f 729/729/729 731/731/731 732/732/732 
f 733/733/733 729/729/729 732/732/732 
f 734/734/734 735/735/735 736/736/736 
f 737/737/737 735/735/735 734/734/734 
f 738/738/738 739/739/739 734/734/734 
f 740/740/740 739/739/739 738/738/738 
f 741/741/741 734/734/734 742/742/742 
f 743/743/743 741/741/741 742/742/742 
f 744/744/744 743/743/743 742/742/742 
f 745/745/745 743/743/743 746/746/746 
f 747/747/747 745/745/745 744/744/744 
f 745/745/745 747/747/747 748/748/748 
f 749/749/749 750/750/750 751/751/751 
f 752/752/752 753/753/753 754/754/754 
f 755/755/755 752/752/752 754/754/754 
f 752/752/752 756/756/756 753/753/753 
f 756/756/756 757/757/757 753/753/753 
f 756/756/756 758/758/758 757/757/757 
f 759/759/759 760/760/760 761/761/761 
f 762/762/762 763/763/763 764/764/764 
f 765/765/765 766/766/766 767/767/767 
f 766/766/766 768/768/768 767/767/767 
f 769/769/769 770/770/770 771/771/771 
f 772/772/772 773/773/773 774/774/774 
f 775/775/775 776/776/776 777/777/777 
f 778/778/778 779/779/779 780/780/780 
f 781/781/781 782/782/782 783/783/783 
f 784/784/784 785/785/785 781/781/781 
f 786/786/786 787/787/787 781/781/781 
f 788/788/788 787/787/787 786/786/786 
f 789/789/789 788/788/788 786/786/786 
f 788/788/788 789/789/789 790/790/790 
f 791/791/791 792/792/792 793/793/793 
f 791/791/791 794/794/794 792/792/792 
f 791/791/791 793/793/793 795/795/795 
f 796/796/796 797/797/797 798/798/798 
f 796/796/796 799/799/799 797/797/797 
f 799/799/799 800/800/800 797/797/797 
f 799/799/799 801/801/801 800/800/800 
f 801/801/801 802/802/802 800/800/800 
f 803/803/803 804/804/804 802/802/802 
f 805/805/805 806/806/806 807/807/807 
f 808/808/808 806/806/806 805/805/805 
f 809/809/809 808/808/808 810/810/810 
f 811/811/811 808/808/808 809/809/809 
f 812/812/812 811/811/811 809/809/809 
f 811/811/811 812/812/812 813/813/813 
f 814/814/814 815/815/815 816/816/816 
f 817/817/817 815/815/815 818/818/818 
f 819/819/819 820/820/820 821/821/821 
f 822/822/822 823/823/823 824/824/824 
f 825/825/825 823/823/823 826/826/826 
f 827/827/827 828/828/828 829/829/829 
f 827/827/827 830/830/830 828/828/828 
f 831/831/831 827/827/827 829/829/829 
f 831/831/831 829/829/829 832/832/832 
f 833/833/833 831/831/831 834/834/834 
f 835/835/835 836/836/836 837/837/837 
f 836/836/836 838/838/838 839/839/839 
f 839/839/839 840/840/840 841/841/841 
f 842/842/842 840/840/840 843/843/843 
f 844/844/844 845/845/845 846/846/846 
f 847/847/847 848/848/848 846/846/846 
f 849/849/849 850/850/850 851/851/851 
f 849/849/849 852/852/852 850/850/850 
f 852/852/852 853/853/853 854/854/854 
f 852/852/852 854/854/854 855/855/855 
f 856/856/856 857/857/857 858/858/858 
f 856/856/856 859/859/859 857/857/857 
f 859/859/859 860/860/860 861/861/861 
f 857/857/857 862/862/862 863/863/863 
f 863/863/863 864/864/864 865/865/865 
f 866/866/866 867/867/867 859/859/859 
f 868/868/868 866/866/866 869/869/869 
f 870/870/870 866/866/866 868/868/868 
f 871/871/871 870/870/870 868/868/868 
f 872/872/872 870/870/870 871/871/871 
f 873/873/873 872/872/872 871/871/871 
f 872/872/872 873/873/873 874/874/874 
f 875/875/875 876/876/876 874/874/874 
f 877/877/877 878/878/878 879/879/879 
f 880/880/880 881/881/881 877/877/877 
f 882/882/882 878/878/878 883/883/883 
f 884/884/884 882/882/882 885/885/885 
f 886/886/886 887/887/887 888/888/888 
f 889/889/889 890/890/890 891/891/891 
f 892/892/892 893/893/893 894/894/894 
f 895/895/895 892/892/892 894/894/894 
f 896/896/896 897/897/897 894/894/894 
f 898/898/898 897/897/897 896/896/896 
f 899/899/899 900/900/900 901/901/901 
f 902/902/902 901/901/901 900/900/900 
f 903/903/903 902/902/902 904/904/904 
f 902/902/902 903/903/903 905/905/905 
f 906/906/906 907/907/907 908/908/908 
f 909/909/909 906/906/906 908/908/908 
f 909/909/909 908/908/908 910/910/910 
f 911/911/911 912/912/912 913/913/913 
f 912/912/912 914/914/914 915/915/915 
f 916/916/916 917/917/917 918/918/918 
f 919/919/919 917/917/917 916/916/916 
f 920/920/920 919/919/919 921/921/921 
f 922/922/922 923/923/923 924/924/924 
f 925/925/925 926/926/926 922/922/922 
f 927/927/927 706/706/706 928/928/928 
f 929/929/929 927/927/927 928/928/928 
f 929/929/929 928/928/928 930/930/930 
f 927/927/927 704/704/704 706/706/706 
f 931/931/931 932/932/932 933/933/933 
f 931/931/931 933/933/933 934/934/934 
f 935/935/935 931/931/931 936/936/936 
f 935/935/935 936/936/936 937/937/937 
f 938/938/938 937/937/937 939/939/939 
f 938/938/938 940/940/940 937/937/937 
f 941/941/941 938/938/938 942/942/942 
f 943/943/943 944/944/944 945/945/945 
f 946/946/946 947/947/947 948/948/948 
f 949/949/949 950/950/950 946/946/946 
f 951/951/951 952/952/952 953/953/953 
f 954/954/954 955/955/955 953/953/953 
f 956/956/956 957/957/957 958/958/958 
f 958/958/958 957/957/957 959/959/959 
f 957/957/957 960/960/960 959/959/959 
f 959/959/959 960/960/960 961/961/961 
f 960/960/960 962/962/962 961/961/961 
f 961/961/961 962/962/962 963/963/963 
f 962/962/962 964/964/964 963/963/963 
f 963/963/963 964/964/964 965/965/965 
f 964/964/964 966/966/966 967/967/967 
f 968/968/968 966/966/966 969/969/969 
f 970/970/970 971/971/971 972/972/972 
f 970/970/970 972/972/972 973/973/973 
f 974/974/974 975/975/975 976/976/976 
f 977/977/977 978/978/978 979/979/979 
f 980/980/980 977/977/977 979/979/979 
f 981/981/981 982/982/982 983/983/983 
f 984/984/984 981/981/981 983/983/983 
f 983/983/983 985/985/985 986/986/986 
f 987/987/987 983/983/983 988/988/988 
f 989/989/989 983/983/983 987/987/987 
f 990/990/990 989/989/989 991/991/991 
f 992/992/992 993/993/993 994/994/994 
f 995/995/995 996/996/996 997/997/997 
f 998/998/998 999/999/999 1000/1000/1000 
f 1001/1001/1001 1002/1002/1002 1003/1003/1003 
f 1004/1004/1004 1005/1005/1005 1006/1006/1006 
f 1007/1007/1007 1008/1008/1008 1009/1009/1009 
f 1010/1010/1010 1011/1011/1011 1012/1012/1012 
f 1011/1011/1011 1013/1013/1013 1012/1012/1012 
f 1011/1011/1011 1014/1014/1014 1013/1013/1013 
f 1015/1015/1015 1016/1016/1016 1013/1013/1013 
f 1015/1015/1015 1017/1017/1017 1016/1016/1016 
f 1018/1018/1018 1019/1019/1019 1020/1020/1020 
f 1021/1021/1021 1018/1018/1018 1022/1022/1022 
f 1023/1023/1023 1024/1024/1024 1025/1025/1025 
f 1026/1026/1026 1027/1027/1027 1028/1028/1028 
f 1029/1029/1029 1030/1030/1030 1031/1031/1031 
f 1029/1029/1029 1031/1031/1031 1032/1032/1032 
f 1033/1033/1033 1034/1034/1034 1035/1035/1035 
f 1036/1036/1036 1037/1037/1037 1038/1038/1038 
f 1036/1036/1036 1038/1038/1038 1039/1039/1039 
f 1040/1040/1040 1036/1036/1036 1039/1039/1039 
f 1040/1040/1040 1039/1039/1039 1041/1041/1041 
f 1042/1042/1042 1043/1043/1043 1044/1044/1044 
f 1045/1045/1045 1043/1043/1043 1042/1042/1042 
f 1046/1046/1046 1043/1043/1043 1047/1047/1047 
f 1048/1048/1048 1047/1047/1047 1049/1049/1049 
f 1050/1050/1050 1051/1051/1051 1052/1052/1052 
f 1053/1053/1053 1054/1054/1054 1055/1055/1055 
f 1056/1056/1056 1057/1057/1057 1058/1058/1058 
f 1059/1059/1059 1057/1057/1057 1056/1056/1056 
f 1060/1060/1060 1056/1056/1056 1058/1058/1058 
f 1060/1060/1060 1058/1058/1058 1061/1061/1061 
f 1062/1062/1062 1063/1063/1063 1059/1059/1059 
f 1064/1064/1064 1065/1065/1065 1066/1066/1066 
f 1067/1067/1067 1068/1068/1068 1069/1069/1069 
f 1070/1070/1070 1071/1071/1071 1072/1072/1072 
f 1073/1073/1073 1070/1070/1070 1072/1072/1072 
f 1074/1074/1074 1075/1075/1075 1076/1076/1076 
f 1077/1077/1077 1078/1078/1078 1079/1079/1079 
f 1080/1080/1080 1081/1081/1081 1082/1082/1082 
f 1080/1080/1080 1083/1083/1083 1081/1081/1081 
f 1084/1084/1084 1080/1080/1080 1082/1082/1082 
f 1085/1085/1085 1086/1086/1086 1081/1081/1081 
f 1087/1087/1087 1082/1082/1082 1088/1088/1088 
f 1089/1089/1089 1084/1084/1084 1088/1088/1088 
f 1089/1089/1089 1088/1088/1088 1090/1090/1090 
f 1091/1091/1091 1092/1092/1092 1093/1093/1093 
f 1094/1094/1094 1095/1095/1095 1096/1096/1096 
f 1097/1097/1097 1098/1098/1098 1095/1095/1095 
f 1099/1099/1099 1100/1100/1100 1101/1101/1101 
f 1099/1099/1099 1101/1101/1101 1102/1102/1102 
f 1103/1103/1103 1104/1104/1104 1105/1105/1105 
f 1106/1106/1106 1107/1107/1107 1108/1108/1108 
f 1106/1106/1106 1109/1109/1109 1110/1110/1110 
f 1110/1110/1110 1111/1111/1111 1106/1106/1106 
f 1111/1111/1111 1112/1112/1112 1113/1113/1113 
f 1113/1113/1113 1112/1112/1112 1114/1114/1114 
f 1115/1115/1115 1116/1116/1116 1117/1117/1117 
f 1118/1118/1118 1119/1119/1119 1120/1120/1120 
f 1121/1121/1121 1122/1122/1122 1123/1123/1123 
f 1124/1124/1124 1125/1125/1125 1126/1126/1126 
f 1127/1127/1127 1128/1128/1128 1129/1129/1129 
f 1128/1128/1128 1130/1130/1130 1129/1129/1129 
f 1128/1128/1128 1131/1131/1131 1130/1130/1130 
f 1131/1131/1131 1132/1132/1132 1130/1130/1130 
f 1131/1131/1131 1133/1133/1133 1132/1132/1132 
f 1134/1134/1134 1135/1135/1135 1132/1132/1132 
f 1134/1134/1134 1136/1136/1136 1135/1135/1135 
f 1136/1136/1136 1137/1137/1137 1135/1135/1135 
f 1137/1137/1137 1136/1136/1136 1138/1138/1138 
f 1139/1139/1139 1140/1140/1140 1138/1138/1138 
f 1141/1141/1141 1142/1142/1142 1143/1143/1143 
f 1141/1141/1141 1143/1143/1143 1144/1144/1144 
f 1145/1145/1145 1146/1146/1146 1147/1147/1147 
f 1145/1145/1145 1147/1147/1147 1148/1148/1148 
f 1149/1149/1149 1150/1150/1150 1151/1151/1151 
f 1152/1152/1152 1149/1149/1149 1151/1151/1151 
f 1153/1153/1153 1149/1149/1149 1152/1152/1152 
f 1154/1154/1154 1155/1155/1155 1156/1156/1156 
f 1157/1157/1157 1158/1158/1158 1159/1159/1159 
f 1160/1160/1160 1157/1157/1157 1161/1161/1161 
f 1157/1157/1157 1162/1162/1162 1161/1161/1161 
f 1161/1161/1161 1162/1162/1162 1163/1163/1163 
f 1162/1162/1162 1164/1164/1164 1163/1163/1163 
f 1164/1164/1164 1165/1165/1165 1163/1163/1163 
f 1162/1162/1162 1166/1166/1166 1164/1164/1164 
f 1167/1167/1167 1166/1166/1166 1162/1162/1162 
f 1166/1166/1166 1168/1168/1168 1164/1164/1164 
f 1164/1164/1164 1168/1168/1168 1169/1169/1169 
f 1170/1170/1170 1171/1171/1171 1162/1162/1162 
f 1170/1170/1170 1172/1172/1172 1171/1171/1171 
f 1173/1173/1173 1174/1174/1174 1172/1172/1172 
f 1175/1175/1175 1174/1174/1174 1173/1173/1173 
f 1176/1176/1176 1175/1175/1175 1173/1173/1173 
f 1176/1176/1176 1177/1177/1177 1175/1175/1175 
f 1176/1176/1176 1173/1173/1173 1178/1178/1178 
f 1178/1178/1178 1173/1173/1173 1159/1159/1159 
f 1179/1179/1179 1176/1176/1176 1178/1178/1178 
f 1179/1179/1179 1180/1180/1180 1176/1176/1176 
f 1180/1180/1180 1177/1177/1177 1176/1176/1176 
f 1180/1180/1180 1181/1181/1181 1177/1177/1177 
f 1181/1181/1181 1182/1182/1182 1183/1183/1183 
f 1184/1184/1184 1185/1185/1185 1186/1186/1186 
f 1184/1184/1184 1187/1187/1187 1185/1185/1185 
f 1188/1188/1188 1189/1189/1189 1185/1185/1185 
f 1188/1188/1188 1190/1190/1190 1189/1189/1189 
f 1191/1191/1191 1192/1192/1192 1189/1189/1189 
f 1193/1193/1193 1194/1194/1194 1195/1195/1195 
f 1196/1196/1196 1197/1197/1197 1198/1198/1198 
f 1196/1196/1196 1199/1199/1199 1197/1197/1197 
f 1200/1200/1200 1196/1196/1196 1198/1198/1198 
f 1200/1200/1200 1198/1198/1198 1201/1201/1201 
f 1202/1202/1202 1200/1200/1200 1203/1203/1203 
f 1204/1204/1204 1205/1205/1205 1206/1206/1206 
f 1205/1205/1205 1207/1207/1207 1206/1206/1206 
f 1208/1208/1208 1209/1209/1209 1206/1206/1206 
f 1210/1210/1210 1209/1209/1209 1208/1208/1208 
f 1211/1211/1211 1212/1212/1212 1213/1213/1213 
f 1212/1212/1212 1211/1211/1211 1214/1214/1214 
f 1215/1215/1215 1216/1216/1216 1217/1217/1217 
f 1217/1217/1217 1218/1218/1218 1219/1219/1219 
f 1220/1220/1220 1218/1218/1218 1217/1217/1217 
f 1221/1221/1221 1222/1222/1222 1223/1223/1223 
f 1221/1221/1221 1224/1224/1224 1222/1222/1222 
f 1225/1225/1225 1226/1226/1226 1222/1222/1222 
f 1225/1225/1225 1227/1227/1227 1226/1226/1226 
f 1228/1228/1228 1229/1229/1229 1230/1230/1230 
f 1228/1228/1228 1230/1230/1230 1231/1231/1231 
f 1229/1229/1229 1232/1232/1232 1230/1230/1230 
f 1229/1229/1229 1233/1233/1233 1232/1232/1232 
f 1234/1234/1234 1235/1235/1235 1236/1236/1236 
f 1237/1237/1237 1238/1238/1238 1239/1239/1239 
f 1240/1240/1240 1241/1241/1241 1242/1242/1242 
f 1241/1241/1241 1240/1240/1240 1243/1243/1243 
f 1244/1244/1244 1245/1245/1245 1246/1246/1246 
f 1244/1244/1244 1247/1247/1247 1248/1248/1248 
f 1249/1249/1249 1250/1250/1250 1251/1251/1251 
f 1252/1252/1252 1253/1253/1253 1251/1251/1251 
f 1254/1254/1254 1255/1255/1255 1256/1256/1256 
f 1257/1257/1257 1258/1258/1258 1259/1259/1259 
f 1260/1260/1260 1261/1261/1261 1262/1262/1262 
f 1262/1262/1262 1263/1263/1263 1264/1264/1264 
f 1265/1265/1265 1266/1266/1266 1267/1267/1267 
f 1268/1268/1268 1269/1269/1269 1270/1270/1270 
f 1271/1271/1271 1272/1272/1272 1273/1273/1273 
f 1274/1274/1274 1275/1275/1275 1276/1276/1276 
f 1277/1277/1277 1278/1278/1278 1279/1279/1279 
f 1280/1280/1280 1281/1281/1281 1282/1282/1282 
f 1283/1283/1283 1284/1284/1284 1285/1285/1285 
f 1286/1286/1286 1287/1287/1287 1288/1288/1288 
f 1289/1289/1289 1290/1290/1290 1291/1291/1291 
f 1292/1292/1292 1293/1293/1293 1294/1294/1294 
f 1295/1295/1295 1296/1296/1296 1297/1297/1297 
f 1298/1298/1298 1299/1299/1299 1300/1300/1300 
f 1301/1301/1301 1302/1302/1302 1303/1303/1303 
f 1304/1304/1304 1305/1305/1305 1306/1306/1306 
f 1307/1307/1307 1308/1308/1308 1309/1309/1309 
f 1310/1310/1310 1311/1311/1311 1312/1312/1312 
f 1313/1313/1313 1314/1314/1314 1315/1315/1315 
f 1313/1313/1313 1316/1316/1316 1317/1317/1317 
f 1318/1318/1318 1319/1319/1319 1320/1320/1320 
f 1321/1321/1321 1318/1318/1318 1320/1320/1320 
f 1321/1321/1321 1320/1320/1320 1322/1322/1322 
f 1323/1323/1323 1321/1321/1321 1322/1322/1322 
f 1323/1323/1323 1322/1322/1322 1324/1324/1324 
f 1325/1325/1325 1323/1323/1323 1324/1324/1324 
f 1325/1325/1325 1324/1324/1324 1326/1326/1326 
f 1327/1327/1327 1328/1328/1328 1329/1329/1329 
f 1330/1330/1330 1331/1331/1331 1332/1332/1332 
f 1333/1333/1333 1334/1334/1334 1335/1335/1335 
f 1335/1335/1335 1334/1334/1334 1336/1336/1336 
f 1337/1337/1337 1338/1338/1338 1339/1339/1339 
f 1340/1340/1340 1341/1341/1341 1342/1342/1342 
f 1343/1343/1343 1344/1344/1344 1345/1345/1345 
f 1346/1346/1346 1347/1347/1347 1348/1348/1348 
f 1349/1349/1349 1350/1350/1350 1346/1346/1346 
f 1350/1350/1350 1351/1351/1351 1352/1352/1352 
f 1350/1350/1350 1353/1353/1353 1351/1351/1351 
f 1354/1354/1354 1355/1355/1355 1351/1351/1351 
f 1354/1354/1354 1356/1356/1356 1355/1355/1355 
f 1357/1357/1357 1358/1358/1358 1359/1359/1359 
f 1360/1360/1360 1361/1361/1361 1362/1362/1362 
f 1363/1363/1363 1364/1364/1364 1365/1365/1365 
f 1366/1366/1366 1367/1367/1367 1368/1368/1368 
f 1369/1369/1369 1370/1370/1370 1371/1371/1371 
f 1369/1369/1369 1372/1372/1372 1370/1370/1370 
f 1373/1373/1373 1374/1374/1374 1375/1375/1375 
f 1376/1376/1376 1377/1377/1377 1378/1378/1378 
f 1379/1379/1379 1380/1380/1380 1381/1381/1381 
f 1382/1382/1382 1383/1383/1383 1384/1384/1384 
f 1385/1385/1385 1386/1386/1386 1387/1387/1387 
f 1388/1388/1388 1389/1389/1389 1390/1390/1390 
f 1391/1391/1391 1392/1392/1392 1393/1393/1393 
f 1394/1394/1394 1395/1395/1395 1391/1391/1391 
f 1396/1396/1396 1397/1397/1397 1398/1398/1398 
f 1399/1399/1399 1400/1400/1400 1401/1401/1401 
f 1402/1402/1402 1403/1403/1403 1404/1404/1404 
f 1405/1405/1405 1406/1406/1406 1407/1407/1407 
f 1408/1408/1408 1409/1409/1409 1410/1410/1410 
f 1411/1411/1411 1412/1412/1412 1413/1413/1413 
f 1414/1414/1414 1415/1415/1415 1416/1416/1416 
f 1417/1417/1417 1418/1418/1418 1419/1419/1419 
f 1420/1420/1420 1421/1421/1421 1422/1422/1422 
f 1420/1420/1420 1422/1422/1422 1423/1423/1423 
f 1424/1424/1424 1425/1425/1425 1426/1426/1426 
f 1427/1427/1427 1428/1428/1428 1429/1429/1429 
f 1430/1430/1430 1431/1431/1431 1432/1432/1432 
f 1433/1433/1433 1434/1434/1434 1435/1435/1435 
f 1436/1436/1436 1437/1437/1437 1438/1438/1438 
f 1439/1439/1439 1440/1440/1440 1441/1441/1441 
f 1439/1439/1439 1441/1441/1441 1442/1442/1442 
f 1443/1443/1443 1444/1444/1444 1445/1445/1445 
f 1443/1443/1443 1446/1446/1446 1444/1444/1444 
f 1446/1446/1446 1447/1447/1447 1444/1444/1444 
f 1446/1446/1446 1448/1448/1448 1447/1447/1447 
f 1448/1448/1448 1449/1449/1449 1447/1447/1447 
f 1448/1448/1448 1450/1450/1450 1449/1449/1449 
f 1450/1450/1450 1451/1451/1451 1449/1449/1449 
f 1450/1450/1450 1452/1452/1452 1453/1453/1453 
f 1454/1454/1454 1455/1455/1455 1456/1456/1456 
f 1457/1457/1457 1458/1458/1458 1459/1459/1459 
f 1460/1460/1460 1461/1461/1461 1462/1462/1462 
f 1463/1463/1463 1464/1464/1464 1465/1465/1465 
f 1466/1466/1466 1467/1467/1467 1468/1468/1468 
f 1469/1469/1469 1470/1470/1470 1471/1471/1471 
f 1472/1472/1472 1473/1473/1473 1474/1474/1474 
f 1475/1475/1475 1476/1476/1476 1477/1477/1477 
f 1478/1478/1478 1479/1479/1479 1480/1480/1480 
f 1481/1481/1481 1482/1482/1482 1483/1483/1483 
f 1484/1484/1484 1485/1485/1485 1486/1486/1486 
f 1487/1487/1487 1485/1485/1485 1488/1488/1488 
f 1485/1485/1485 1489/1489/1489 1486/1486/1486 
f 1490/1490/1490 1489/1489/1489 1491/1491/1491 
f 1490/1490/1490 1492/1492/1492 1489/1489/1489 
f 1493/1493/1493 1490/1490/1490 1494/1494/1494 
f 1495/1495/1495 1496/1496/1496 1493/1493/1493 
f 1492/1492/1492 1497/1497/1497 1489/1489/1489 
f 1492/1492/1492 1498/1498/1498 1497/1497/1497 
f 1489/1489/1489 1497/1497/1497 1499/1499/1499 
f 1497/1497/1497 1500/1500/1500 1499/1499/1499 
f 1501/1501/1501 1500/1500/1500 1497/1497/1497 
f 1502/1502/1502 1499/1499/1499 1500/1500/1500 
f 1503/1503/1503 1502/1502/1502 1500/1500/1500 
f 1504/1504/1504 1505/1505/1505 1500/1500/1500 
f 1506/1506/1506 1507/1507/1507 1508/1508/1508 
f 1509/1509/1509 1510/1510/1510 1511/1511/1511 
f 1512/1512/1512 1513/1513/1513 1514/1514/1514 
f 1515/1515/1515 1516/1516/1516 1517/1517/1517 
f 1518/1518/1518 1519/1519/1519 1520/1520/1520 
f 1521/1521/1521 1518/1518/1518 1522/1522/1522 
f 1523/1523/1523 1524/1524/1524 1525/1525/1525 
f 1526/1526/1526 1527/1527/1527 1528/1528/1528 
f 1529/1529/1529 1530/1530/1530 1531/1531/1531 
f 1531/1531/1531 1530/1530/1530 1532/1532/1532 
f 1533/1533/1533 1534/1534/1534 1535/1535/1535 
f 1536/1536/1536 1537/1537/1537 1538/1538/1538 
f 1539/1539/1539 1540/1540/1540 1541/1541/1541 
f 1542/1542/1542 1543/1543/1543 1544/1544/1544 
f 1545/1545/1545 1546/1546/1546 1547/1547/1547 
f 1548/1548/1548 1549/1549/1549 1550/1550/1550 
f 1551/1551/1551 1552/1552/1552 1553/1553/1553 
f 1554/1554/1554 1555/1555/1555 1556/1556/1556 
f 1554/1554/1554 1556/1556/1556 1557/1557/1557 
f 1558/1558/1558 1554/1554/1554 1557/1557/1557 
f 1558/1558/1558 1557/1557/1557 1559/1559/1559 
f 1560/1560/1560 1561/1561/1561 1562/1562/1562 
f 1563/1563/1563 1564/1564/1564 1565/1565/1565 
f 1566/1566/1566 1564/1564/1564 1563/1563/1563 
f 1567/1567/1567 1568/1568/1568 1569/1569/1569 
f 1570/1570/1570 1571/1571/1571 1572/1572/1572 
f 1573/1573/1573 1574/1574/1574 1575/1575/1575 
f 1576/1576/1576 1577/1577/1577 1578/1578/1578 
f 1579/1579/1579 1577/1577/1577 1580/1580/1580 
f 1581/1581/1581 1582/1582/1582 1583/1583/1583 
f 1584/1584/1584 1582/1582/1582 1585/1585/1585 
f 1586/1586/1586 1582/1582/1582 1587/1587/1587 
f 1588/1588/1588 1582/1582/1582 1589/1589/1589 
f 1590/1590/1590 1591/1591/1591 1588/1588/1588 
f 1592/1592/1592 1593/1593/1593 1594/1594/1594 
f 1595/1595/1595 1596/1596/1596 1597/1597/1597 
f 1595/1595/1595 1598/1598/1598 1596/1596/1596 
f 1599/1599/1599 1600/1600/1600 1601/1601/1601 
f 1602/1602/1602 1600/1600/1600 1603/1603/1603 
f 1604/1604/1604 1600/1600/1600 1605/1605/1605 
f 1606/1606/1606 1607/1607/1607 1608/1608/1608 
f 1609/1609/1609 1610/1610/1610 1611/1611/1611 
f 1612/1612/1612 1613/1613/1613 1614/1614/1614 
f 1612/1612/1612 1615/1615/1615 1613/1613/1613 
f 1615/1615/1615 1616/1616/1616 1617/1617/1617 
f 1618/1618/1618 1619/1619/1619 1620/1620/1620 
f 1621/1621/1621 1619/1619/1619 1622/1622/1622 
f 1623/1623/1623 1624/1624/1624 1625/1625/1625 
f 1626/1626/1626 1627/1627/1627 1628/1628/1628 
f 1629/1629/1629 1630/1630/1630 1631/1631/1631 
f 1632/1632/1632 1633/1633/1633 1634/1634/1634 
f 1635/1635/1635 1633/1633/1633 1636/1636/1636 
f 1636/1636/1636 1633/1633/1633 1637/1637/1637 
f 1638/1638/1638 1639/1639/1639 1640/1640/1640 
f 1641/1641/1641 1639/1639/1639 1642/1642/1642 
f 1643/1643/1643 1644/1644/1644 1645/1645/1645 
f 1646/1646/1646 1647/1647/1647 1643/1643/1643 
f 1648/1648/1648 1649/1649/1649 1650/1650/1650 
f 1651/1651/1651 1649/1649/1649 1652/1652/1652 
f 1653/1653/1653 1654/1654/1654 1655/1655/1655 
f 1656/1656/1656 1657/1657/1657 1658/1658/1658 
f 1659/1659/1659 1660/1660/1660 1661/1661/1661 
f 1662/1662/1662 1663/1663/1663 1664/1664/1664 
f 1665/1665/1665 1666/1666/1666 1667/1667/1667 
f 1668/1668/1668 1669/1669/1669 1670/1670/1670 
f 1671/1671/1671 1669/1669/1669 1672/1672/1672 
f 1673/1673/1673 1669/1669/1669 1674/1674/1674 
f 1675/1675/1675 1676/1676/1676 1677/1677/1677 
f 1678/1678/1678 1679/1679/1679 1680/1680/1680 
f 1681/1681/1681 1682/1682/1682 1683/1683/1683 
f 1684/1684/1684 1685/1685/1685 1686/1686/1686 
f 1687/1687/1687 1688/1688/1688 1689/1689/1689 
f 1690/1690/1690 1691/1691/1691 1692/1692/1692 
f 1693/1693/1693 1694/1694/1694 1695/1695/1695 
f 1696/1696/1696 1694/1694/1694 1697/1697/1697 
f 1698/1698/1698 1699/1699/1699 1700/1700/1700 
f 1701/1701/1701 1702/1702/1702 1703/1703/1703 
f 1704/1704/1704 1705/1705/1705 1706/1706/1706 
f 1707/1707/1707 1708/1708/1708 1709/1709/1709 
f 1707/1707/1707 1710/1710/1710 1708/1708/1708 
f 1711/1711/1711 1712/1712/1712 1713/1713/1713 
f 1714/1714/1714 1715/1715/1715 1716/1716/1716 
f 1717/1717/1717 1718/1718/1718 1719/1719/1719 
f 1720/1720/1720 1721/1721/1721 1722/1722/1722 
f 1720/1720/1720 1723/1723/1723 1721/1721/1721 
f 1724/1724/1724 1725/1725/1725 1726/1726/1726 
f 1727/1727/1727 1726/1726/1726 1728/1728/1728 
f 1729/1729/1729 1728/1728/1728 1730/1730/1730 
f 1729/1729/1729 1731/1731/1731 1728/1728/1728 
f 1732/1732/1732 1733/1733/1733 1734/1734/1734 
f 1732/1732/1732 1735/1735/1735 1733/1733/1733 
f 1736/1736/1736 1732/1732/1732 1734/1734/1734 
f 1737/1737/1737 1738/1738/1738 1733/1733/1733 
f 1736/1736/1736 1734/1734/1734 1739/1739/1739 
f 1740/1740/1740 1736/1736/1736 1739/1739/1739 
f 1740/1740/1740 1739/1739/1739 1741/1741/1741 
f 1742/1742/1742 1743/1743/1743 1744/1744/1744 
f 1745/1745/1745 1746/1746/1746 1747/1747/1747 
f 1748/1748/1748 1749/1749/1749 1750/1750/1750 
f 1748/1748/1748 1751/1751/1751 1749/1749/1749 
f 1752/1752/1752 1748/1748/1748 1750/1750/1750 
f 1752/1752/1752 1750/1750/1750 1753/1753/1753 
f 1754/1754/1754 1755/1755/1755 1749/1749/1749 
f 1756/1756/1756 1752/1752/1752 1757/1757/1757 
f 1756/1756/1756 1753/1753/1753 1758/1758/1758 
f 1759/1759/1759 1760/1760/1760 1761/1761/1761 
f 1762/1762/1762 1763/1763/1763 1764/1764/1764 
f 1765/1765/1765 1763/1763/1763 1762/1762/1762 
f 1766/1766/1766 1767/1767/1767 1768/1768/1768 
f 1766/1766/1766 1769/1769/1769 1767/1767/1767 
f 1770/1770/1770 1771/1771/1771 1772/1772/1772 
f 1773/1773/1773 1774/1774/1774 1775/1775/1775 
f 1776/1776/1776 1777/1777/1777 1778/1778/1778 
f 1779/1779/1779 1780/1780/1780 1781/1781/1781 
f 1782/1782/1782 1783/1783/1783 1784/1784/1784 
f 1785/1785/1785 1786/1786/1786 1787/1787/1787 
f 1788/1788/1788 1789/1789/1789 1790/1790/1790 
f 1790/1790/1790 1789/1789/1789 1791/1791/1791 
f 1792/1792/1792 1793/1793/1793 1794/1794/1794 
f 1795/1795/1795 1796/1796/1796 1797/1797/1797 
f 1795/1795/1795 1798/1798/1798 1799/1799/1799 
f 1800/1800/1800 1801/1801/1801 1802/1802/1802 
f 1803/1803/1803 1804/1804/1804 1805/1805/1805 
f 1806/1806/1806 1807/1807/1807 1808/1808/1808 
f 1806/1806/1806 1809/1809/1809 1807/1807/1807 
f 1809/1809/1809 1810/1810/1810 1807/1807/1807 
f 1806/1806/1806 1811/1811/1811 1809/1809/1809 
f 1812/1812/1812 1811/1811/1811 1806/1806/1806 
f 1813/1813/1813 1806/1806/1806 1808/1808/1808 
f 1813/1813/1813 1808/1808/1808 1814/1814/1814 
f 1815/1815/1815 1813/1813/1813 1814/1814/1814 
f 1815/1815/1815 1814/1814/1814 1816/1816/1816 
f 1815/1815/1815 1817/1817/1817 1813/1813/1813 
f 1818/1818/1818 1817/1817/1817 1815/1815/1815 
f 1819/1819/1819 1820/1820/1820 1821/1821/1821 
f 1821/1821/1821 1822/1822/1822 1823/1823/1823 
f 1824/1824/1824 1825/1825/1825 1826/1826/1826 
f 1827/1827/1827 1828/1828/1828 1829/1829/1829 
f 1830/1830/1830 1831/1831/1831 1832/1832/1832 
f 1833/1833/1833 1834/1834/1834 1835/1835/1835 
f 1836/1836/1836 1837/1837/1837 1838/1838/1838 
f 1839/1839/1839 1837/1837/1837 1836/1836/1836 
f 1840/1840/1840 1841/1841/1841 1842/1842/1842 
f 1843/1843/1843 1844/1844/1844 1845/1845/1845 
f 1846/1846/1846 1847/1847/1847 1848/1848/1848 
f 1848/1848/1848 1849/1849/1849 1850/1850/1850 
f 1851/1851/1851 1852/1852/1852 1853/1853/1853 
f 1854/1854/1854 1855/1855/1855 1856/1856/1856 
f 1857/1857/1857 1858/1858/1858 1859/1859/1859 
f 1860/1860/1860 1861/1861/1861 1862/1862/1862 
f 1863/1863/1863 1864/1864/1864 1865/1865/1865 
f 1863/1863/1863 1866/1866/1866 1864/1864/1864 
f 1864/1864/1864 1867/1867/1867 1865/1865/1865 
f 1865/1865/1865 1867/1867/1867 1868/1868/1868 
f 1867/1867/1867 1869/1869/1869 1868/1868/1868 
f 1867/1867/1867 1870/1870/1870 1869/1869/1869 
f 1870/1870/1870 1871/1871/1871 1869/1869/1869 
f 1872/1872/1872 1870/1870/1870 1867/1867/1867 
f 1864/1864/1864 1872/1872/1872 1867/1867/1867 
f 1866/1866/1866 1873/1873/1873 1864/1864/1864 
f 1864/1864/1864 1873/1873/1873 1872/1872/1872 
f 1866/1866/1866 1874/1874/1874 1873/1873/1873 
f 1873/1873/1873 1875/1875/1875 1872/1872/1872 
f 1874/1874/1874 1876/1876/1876 1873/1873/1873 
f 1873/1873/1873 1876/1876/1876 1875/1875/1875 
f 1874/1874/1874 1877/1877/1877 1876/1876/1876 
f 1876/1876/1876 1878/1878/1878 1875/1875/1875 
f 1879/1879/1879 1880/1880/1880 1881/1881/1881 
f 1882/1882/1882 1883/1883/1883 1879/1879/1879 
f 1884/1884/1884 1885/1885/1885 1886/1886/1886 
f 1887/1887/1887 1888/1888/1888 1889/1889/1889 
f 1890/1890/1890 1891/1891/1891 1892/1892/1892 
f 1893/1893/1893 1894/1894/1894 1895/1895/1895 
f 1896/1896/1896 1897/1897/1897 1898/1898/1898 
f 1899/1899/1899 1900/1900/1900 1901/1901/1901 
f 1902/1902/1902 1903/1903/1903 1904/1904/1904 
f 1905/1905/1905 1906/1906/1906 1907/1907/1907 
f 1905/1905/1905 1907/1907/1907 1908/1908/1908 
f 1909/1909/1909 1910/1910/1910 1911/1911/1911 
f 1912/1912/1912 1913/1913/1913 1914/1914/1914 
f 1915/1915/1915 1916/1916/1916 1917/1917/1917 
f 1918/1918/1918 1916/1916/1916 1919/1919/1919 
f 1920/1920/1920 1921/1921/1921 1922/1922/1922 
f 1923/1923/1923 1924/1924/1924 1925/1925/1925 
f 1926/1926/1926 1927/1927/1927 1928/1928/1928 
f 1929/1929/1929 1930/1930/1930 1931/1931/1931 
f 1932/1932/1932 1933/1933/1933 1934/1934/1934 
f 1935/1935/1935 1936/1936/1936 1937/1937/1937 
f 1938/1938/1938 1939/1939/1939 1940/1940/1940 
f 1941/1941/1941 1942/1942/1942 1943/1943/1943 
f 1944/1944/1944 1945/1945/1945 1946/1946/1946 
f 1947/1947/1947 1948/1948/1948 1949/1949/1949 
f 1950/1950/1950 1951/1951/1951 1952/1952/1952 
f 1953/1953/1953 1954/1954/1954 1955/1955/1955 
f 1956/1956/1956 1957/1957/1957 1958/1958/1958 
f 1959/1959/1959 1960/1960/1960 1961/1961/1961 
f 1962/1962/1962 1963/1963/1963 1964/1964/1964 
f 1965/1965/1965 1966/1966/1966 1967/1967/1967 
f 1968/1968/1968 1969/1969/1969 1970/1970/1970 
f 1971/1971/1971 1972/1972/1972 1973/1973/1973 
f 1974/1974/1974 1975/1975/1975 1976/1976/1976 
f 1977/1977/1977 1978/1978/1978 1979/1979/1979 
f 1980/1980/1980 1981/1981/1981 1982/1982/1982 
f 1983/1983/1983 1984/1984/1984 1985/1985/1985 
f 1986/1986/1986 1987/1987/1987 1988/1988/1988 
f 1989/1989/1989 1990/1990/1990 1991/1991/1991 
f 1992/1992/1992 1993/1993/1993 1994/1994/1994 
f 1992/1992/1992 1994/1994/1994 1995/1995/1995 
f 1996/1996/1996 1997/1997/1997 1998/1998/1998 
f 1999/1999/1999 2000/2000/2000 2001/2001/2001 
f 2002/2002/2002 2003/2003/2003 2004/2004/2004 
f 2005/2005/2005 2006/2006/2006 2007/2007/2007 
f 2006/2006/2006 2005/2005/2005 2008/2008/2008 
f 2009/2009/2009 2010/2010/2010 2011/2011/2011 
f 2012/2012/2012 2013/2013/2013 2014/2014/2014 
f 2015/2015/2015 2016/2016/2016 2017/2017/2017 
f 2018/2018/2018 2019/2019/2019 2020/2020/2020 
f 2021/2021/2021 2022/2022/2022 2018/2018/2018 
f 2023/2023/2023 2024/2024/2024 2025/2025/2025 
f 2026/2026/2026 2027/2027/2027 2028/2028/2028 
f 2029/2029/2029 2030/2030/2030 2031/2031/2031 
f 2032/2032/2032 2033/2033/2033 2034/2034/2034 
f 2033/2033/2033 2035/2035/2035 2036/2036/2036 
f 2033/2033/2033 2037/2037/2037 2038/2038/2038 
f 2037/2037/2037 2039/2039/2039 2038/2038/2038 
f 2040/2040/2040 2041/2041/2041 2042/2042/2042 
f 2040/2040/2040 2043/2043/2043 2041/2041/2041 
f 2044/2044/2044 2042/2042/2042 2045/2045/2045 
f 2044/2044/2044 2046/2046/2046 2042/2042/2042 
f 2046/2046/2046 2047/2047/2047 2042/2042/2042 
f 2046/2046/2046 2048/2048/2048 2047/2047/2047 
f 2048/2048/2048 2049/2049/2049 2047/2047/2047 
f 2048/2048/2048 2050/2050/2050 2049/2049/2049 
f 2050/2050/2050 2051/2051/2051 2049/2049/2049 
f 2052/2052/2052 2053/2053/2053 2054/2054/2054 
f 2052/2052/2052 2054/2054/2054 2055/2055/2055 
f 2056/2056/2056 2057/2057/2057 2055/2055/2055 
f 2058/2058/2058 2059/2059/2059 2060/2060/2060 
f 2061/2061/2061 2062/2062/2062 2063/2063/2063 
f 2064/2064/2064 2065/2065/2065 2066/2066/2066 
f 2067/2067/2067 2068/2068/2068 2069/2069/2069 
f 2068/2068/2068 2070/2070/2070 2069/2069/2069 
f 2068/2068/2068 2071/2071/2071 2072/2072/2072 
f 2073/2073/2073 2074/2074/2074 2075/2075/2075 
f 2076/2076/2076 2077/2077/2077 2078/2078/2078 
f 2079/2079/2079 2080/2080/2080 2081/2081/2081 
f 2082/2082/2082 2083/2083/2083 2084/2084/2084 
f 2085/2085/2085 2086/2086/2086 2087/2087/2087 
f 2085/2085/2085 2087/2087/2087 2088/2088/2088 
f 2089/2089/2089 2085/2085/2085 2088/2088/2088 
f 2089/2089/2089 2088/2088/2088 2090/2090/2090 
f 2091/2091/2091 2092/2092/2092 2086/2086/2086 
f 2093/2093/2093 2094/2094/2094 2095/2095/2095 
f 2096/2096/2096 2097/2097/2097 2098/2098/2098 
f 2099/2099/2099 2100/2100/2100 2101/2101/2101 
f 2102/2102/2102 2103/2103/2103 2104/2104/2104 
f 2103/2103/2103 2105/2105/2105 2106/2106/2106 
f 2107/2107/2107 2108/2108/2108 2109/2109/2109 
f 2110/2110/2110 2111/2111/2111 2112/2112/2112 
f 2113/2113/2113 2114/2114/2114 2115/2115/2115 
f 2116/2116/2116 2117/2117/2117 2118/2118/2118 
f 2119/2119/2119 2120/2120/2120 2121/2121/2121 
f 2122/2122/2122 2123/2123/2123 2124/2124/2124 
f 2125/2125/2125 2126/2126/2126 2127/2127/2127 
f 2128/2128/2128 2129/2129/2129 2130/2130/2130 
f 2131/2131/2131 2132/2132/2132 2133/2133/2133 
f 2134/2134/2134 2135/2135/2135 2136/2136/2136 
f 2137/2137/2137 2138/2138/2138 2139/2139/2139 
f 2140/2140/2140 2141/2141/2141 2142/2142/2142 
f 2143/2143/2143 2144/2144/2144 2145/2145/2145 
f 2146/2146/2146 2147/2147/2147 2148/2148/2148 
f 2149/2149/2149 2147/2147/2147 2146/2146/2146 
f 2150/2150/2150 2151/2151/2151 2152/2152/2152 
f 2153/2153/2153 2154/2154/2154 2155/2155/2155 
f 2156/2156/2156 2157/2157/2157 2158/2158/2158 
f 2159/2159/2159 2160/2160/2160 2161/2161/2161 
f 2162/2162/2162 2160/2160/2160 2159/2159/2159 
f 2163/2163/2163 2164/2164/2164 2165/2165/2165 
f 2166/2166/2166 2167/2167/2167 2168/2168/2168 
f 2166/2166/2166 2168/2168/2168 2169/2169/2169 
f 2170/2170/2170 2167/2167/2167 2171/2171/2171 
f 2172/2172/2172 2173/2173/2173 2174/2174/2174 
f 2174/2174/2174 2173/2173/2173 2175/2175/2175 
f 2175/2175/2175 2176/2176/2176 2177/2177/2177 
f 2178/2178/2178 2179/2179/2179 2180/2180/2180 
f 2181/2181/2181 2182/2182/2182 2183/2183/2183 
f 2184/2184/2184 2182/2182/2182 2185/2185/2185 
f 2186/2186/2186 2187/2187/2187 2188/2188/2188 
f 2189/2189/2189 2190/2190/2190 2191/2191/2191 
f 2192/2192/2192 2193/2193/2193 2194/2194/2194 
f 2195/2195/2195 2196/2196/2196 2197/2197/2197 
f 2198/2198/2198 2199/2199/2199 2200/2200/2200 
f 2201/2201/2201 2202/2202/2202 2203/2203/2203 
f 2204/2204/2204 2205/2205/2205 2206/2206/2206 
f 2207/2207/2207 2208/2208/2208 2209/2209/2209 
f 2210/2210/2210 2211/2211/2211 2212/2212/2212 
f 2213/2213/2213 2214/2214/2214 2215/2215/2215 
f 2216/2216/2216 2217/2217/2217 2218/2218/2218 
f 2219/2219/2219 2220/2220/2220 2221/2221/2221 
f 2222/2222/2222 2223/2223/2223 2224/2224/2224 
f 2225/2225/2225 2226/2226/2226 2227/2227/2227 
f 2228/2228/2228 2229/2229/2229 2230/2230/2230 
f 2231/2231/2231 2229/2229/2229 2232/2232/2232 
f 2233/2233/2233 2234/2234/2234 2235/2235/2235 
f 2236/2236/2236 2237/2237/2237 2238/2238/2238 
f 2239/2239/2239 2240/2240/2240 2241/2241/2241 
f 2242/2242/2242 2243/2243/2243 2244/2244/2244 
f 2245/2245/2245 2246/2246/2246 2247/2247/2247 
f 2248/2248/2248 2249/2249/2249 2250/2250/2250 
f 2251/2251/2251 2252/2252/2252 2253/2253/2253 
f 2254/2254/2254 2255/2255/2255 2256/2256/2256 
f 2257/2257/2257 2258/2258/2258 2259/2259/2259 
f 2260/2260/2260 2261/2261/2261 2262/2262/2262 
f 2263/2263/2263 2264/2264/2264 2265/2265/2265 
f 2266/2266/2266 2267/2267/2267 2268/2268/2268 
f 2269/2269/2269 2270/2270/2270 2271/2271/2271 
f 2272/2272/2272 2273/2273/2273 2274/2274/2274 
f 2275/2275/2275 2276/2276/2276 2277/2277/2277 
f 2278/2278/2278 2279/2279/2279 2280/2280/2280 
f 2281/2281/2281 2279/2279/2279 2282/2282/2282 
f 2283/2283/2283 2284/2284/2284 2285/2285/2285 
f 2286/2286/2286 2287/2287/2287 2288/2288/2288 
f 2288/2288/2288 2287/2287/2287 2289/2289/2289 
f 2290/2290/2290 2291/2291/2291 2292/2292/2292 
f 2293/2293/2293 2294/2294/2294 2295/2295/2295 
f 2296/2296/2296 2297/2297/2297 2298/2298/2298 
f 2299/2299/2299 2300/2300/2300 2301/2301/2301 
f 2302/2302/2302 2303/2303/2303 2304/2304/2304 
f 2305/2305/2305 2303/2303/2303 2302/2302/2302 
f 2306/2306/2306 2307/2307/2307 2308/2308/2308 
f 2309/2309/2309 2310/2310/2310 2311/2311/2311 
f 2312/2312/2312 2313/2313/2313 2314/2314/2314 
f 2315/2315/2315 2316/2316/2316 2317/2317/2317 
f 2318/2318/2318 2319/2319/2319 2320/2320/2320 
f 2321/2321/2321 2322/2322/2322 2323/2323/2323 
f 2324/2324/2324 2325/2325/2325 2326/2326/2326 
f 2327/2327/2327 2328/2328/2328 2329/2329/2329 
f 2330/2330/2330 2331/2331/2331 2332/2332/2332 
f 2333/2333/2333 2334/2334/2334 2335/2335/2335 
f 2336/2336/2336 2337/2337/2337 2338/2338/2338 
f 2339/2339/2339 2340/2340/2340 2341/2341/2341 
f 2342/2342/2342 2343/2343/2343 2344/2344/2344 
f 2345/2345/2345 2346/2346/2346 2347/2347/2347 
f 2348/2348/2348 2349/2349/2349 2350/2350/2350 
f 2351/2351/2351 2350/2350/2350 2352/2352/2352 
f 2351/2351/2351 2353/2353/2353 2354/2354/2354 
f 2350/2350/2350 2355/2355/2355 2356/2356/2356 
f 2350/2350/2350 2357/2357/2357 2355/2355/2355 
f 2357/2357/2357 2358/2358/2358 2355/2355/2355 
f 2359/2359/2359 2360/2360/2360 2350/2350/2350 
f 2361/2361/2361 2350/2350/2350 2360/2360/2360 
f 2361/2361/2361 2360/2360/2360 2362/2362/2362 
f 2363/2363/2363 2362/2362/2362 2358/2358/2358 
f 2362/2362/2362 2364/2364/2364 2358/2358/2358 
f 2365/2365/2365 2362/2362/2362 2360/2360/2360 
f 2366/2366/2366 2365/2365/2365 2360/2360/2360 
f 2362/2362/2362 2367/2367/2367 2364/2364/2364 
f 2367/2367/2367 2368/2368/2368 2364/2364/2364 
f 2367/2367/2367 2369/2369/2369 2370/2370/2370 
f 2371/2371/2371 2365/2365/2365 2372/2372/2372 
f 2373/2373/2373 2374/2374/2374 2375/2375/2375 
f 2376/2376/2376 2377/2377/2377 2378/2378/2378 
f 2379/2379/2379 2380/2380/2380 2381/2381/2381 
f 2380/2380/2380 2382/2382/2382 2383/2383/2383 
f 2384/2384/2384 2385/2385/2385 2386/2386/2386 
f 2387/2387/2387 2388/2388/2388 2389/2389/2389 
f 2390/2390/2390 2391/2391/2391 2392/2392/2392 
f 2393/2393/2393 2394/2394/2394 2395/2395/2395 
f 2396/2396/2396 2397/2397/2397 2398/2398/2398 
f 2399/2399/2399 2400/2400/2400 2401/2401/2401 
f 2402/2402/2402 2403/2403/2403 2404/2404/2404 
f 2405/2405/2405 2406/2406/2406 2407/2407/2407 
f 2408/2408/2408 2409/2409/2409 2410/2410/2410 
f 2411/2411/2411 2408/2408/2408 2410/2410/2410 
f 2408/2408/2408 2412/2412/2412 2409/2409/2409 
f 2412/2412/2412 2413/2413/2413 2409/2409/2409 
f 2412/2412/2412 2414/2414/2414 2413/2413/2413 
f 2415/2415/2415 2416/2416/2416 2417/2417/2417 
f 2416/2416/2416 2418/2418/2418 2419/2419/2419 
f 2420/2420/2420 2421/2421/2421 2422/2422/2422 
f 2421/2421/2421 2423/2423/2423 2424/2424/2424 
f 2420/2420/2420 2425/2425/2425 2424/2424/2424 
f 2424/2424/2424 2425/2425/2425 2426/2426/2426 
f 2427/2427/2427 2428/2428/2428 2429/2429/2429 
f 2430/2430/2430 2431/2431/2431 2432/2432/2432 
f 2433/2433/2433 2434/2434/2434 2435/2435/2435 
f 2436/2436/2436 2437/2437/2437 2438/2438/2438 
f 2439/2439/2439 2440/2440/2440 2441/2441/2441 
f 2442/2442/2442 2443/2443/2443 2444/2444/2444 
f 2445/2445/2445 2446/2446/2446 2447/2447/2447 
f 2448/2448/2448 2449/2449/2449 2450/2450/2450 
f 2451/2451/2451 2452/2452/2452 2453/2453/2453 
f 2454/2454/2454 2455/2455/2455 2456/2456/2456 
f 2457/2457/2457 2458/2458/2458 2459/2459/2459 
f 2460/2460/2460 2461/2461/2461 2459/2459/2459 
f 2462/2462/2462 2463/2463/2463 2464/2464/2464 
f 2465/2465/2465 2466/2466/2466 2467/2467/2467 
f 2468/2468/2468 2469/2469/2469 2470/2470/2470 
f 2470/2470/2470 2469/2469/2469 2471/2471/2471 
f 2472/2472/2472 2473/2473/2473 2474/2474/2474 
f 2475/2475/2475 2476/2476/2476 2477/2477/2477 
f 2478/2478/2478 2479/2479/2479 2480/2480/2480 
f 2481/2481/2481 2482/2482/2482 2483/2483/2483 
f 2484/2484/2484 2485/2485/2485 2486/2486/2486 
f 2487/2487/2487 2488/2488/2488 2489/2489/2489 
f 2490/2490/2490 2491/2491/2491 2492/2492/2492 
f 2493/2493/2493 2494/2494/2494 2495/2495/2495 
f 2494/2494/2494 2493/2493/2493 2496/2496/2496 
f 2497/2497/2497 2498/2498/2498 2499/2499/2499 
f 2500/2500/2500 2501/2501/2501 2502/2502/2502 
f 2503/2503/2503 2504/2504/2504 2505/2505/2505 
f 2504/2504/2504 2503/2503/2503 2506/2506/2506 
f 2507/2507/2507 2508/2508/2508 2509/2509/2509 
f 2510/2510/2510 2511/2511/2511 2512/2512/2512 
f 2513/2513/2513 2514/2514/2514 2515/2515/2515 
f 2516/2516/2516 2517/2517/2517 2518/2518/2518 
f 2519/2519/2519 2520/2520/2520 2521/2521/2521 
f 2522/2522/2522 2520/2520/2520 2519/2519/2519 
f 2523/2523/2523 2524/2524/2524 2525/2525/2525 
f 2526/2526/2526 2527/2527/2527 2528/2528/2528 
f 2529/2529/2529 2530/2530/2530 2531/2531/2531 
f 2532/2532/2532 2533/2533/2533 2534/2534/2534 
f 2535/2535/2535 2536/2536/2536 2537/2537/2537 
f 2538/2538/2538 2539/2539/2539 2540/2540/2540 
f 2541/2541/2541 2542/2542/2542 2543/2543/2543 
f 2542/2542/2542 2541/2541/2541 2544/2544/2544 
f 2545/2545/2545 2546/2546/2546 2547/2547/2547 
f 2548/2548/2548 2546/2546/2546 2549/2549/2549 
f 2550/2550/2550 2551/2551/2551 2552/2552/2552 
f 2553/2553/2553 2554/2554/2554 2555/2555/2555 
f 2556/2556/2556 2557/2557/2557 2558/2558/2558 
f 2559/2559/2559 2560/2560/2560 2561/2561/2561 
f 2562/2562/2562 2559/2559/2559 2561/2561/2561 
f 2559/2559/2559 2563/2563/2563 2560/2560/2560 
f 2563/2563/2563 2564/2564/2564 2560/2560/2560 
f 2563/2563/2563 2565/2565/2565 2564/2564/2564 
f 2566/2566/2566 2567/2567/2567 2568/2568/2568 
f 2567/2567/2567 2569/2569/2569 2568/2568/2568 
f 2567/2567/2567 2570/2570/2570 2569/2569/2569 
f 2570/2570/2570 2571/2571/2571 2569/2569/2569 
f 2570/2570/2570 2572/2572/2572 2571/2571/2571 

